,Valence,Arousal,Valence,Arousal,Valence,Arousal,Valence,Arousal,Valence,Arousal,Valence,Arousal,Valence_Mean,Arousal_Mean
0001.mid,7,8,8,7,8,7,6,7,8,8,7,8,7.333333333,7.5
0002.mid,3,4,5,2,4,6,4,3,4,7,5,7,4.166666667,4.833333333
0003.mid,6,8,8,8,7,7,7,7,8,8,8,8,7.333333333,7.666666667
0004.mid,3,7,4,8,4,5,4,4,6,8,4,7,4.166666667,6.5
0005.mid,7,8,7,9,8,8,6,9,9,8,6,9,7.166666667,8.5
0006.mid,8,8,5,3,6,5,4,8,7,6,7,7,6.166666667,6.166666667
0007.mid,7,8,8,7,6,7,6,8,7,8,7,8,6.833333333,7.666666667
0008.mid,8,8,8,8,6,8,6,8,8,8,7,8,7.166666667,8
0009.mid,4,4,2,4,2,6,2,3,4,3,4,7,3,4.5
0010.mid,3,7,6,2,4,5,6,6,3,5,7,6,4.833333333,5.166666667
0011.mid,7,3,7,3,6,6,8,6,6,3,8,5,7,4.333333333
0012.mid,7,6,4,3,5,5,6,3,7,7,7,5,6,4.833333333
0013.mid,3,3,3,2,3,5,4,3,4,3,6,6,3.833333333,3.666666667
0014.mid,8,7,8,8,7,8,8,9,9,9,8,8,8,8.166666667
0015.mid,3,2,2,4,3,6,4,2,4,6,5,5,3.5,4.166666667
0016.mid,4,2,4,1,4,5,3,1,3,7,7,3,4.166666667,3.166666667
0017.mid,6,8,6,3,5,7,7,7,6,6,8,7,6.333333333,6.333333333
0018.mid,6,7,6,8,6,7,8,8,8,9,7,8,6.833333333,7.833333333
0019.mid,3,3,1,2,3,6,6,3,4,7,3,5,3.333333333,4.333333333
0020.mid,7,7,6,9,8,9,8,9,9,9,7,9,7.5,8.666666667
0021.mid,3,6,6,4,4,5,3,7,4,7,4,7,4,6
0022.mid,8,7,6,3,6,4,6,6,6,6,8,7,6.666666667,5.5
0023.mid,2,2,3,3,4,5,6,2,3,5,7,6,4.166666667,3.833333333
0024.mid,4,8,5,1,5,5,7,6,6,6,7,8,5.666666667,5.666666667
0025.mid,4,7,4,2,4,6,6,6,4,7,7,7,4.833333333,5.833333333
0026.mid,7,8,7,4,8,8,9,8,6,9,8,8,7.5,7.5
0027.mid,6,8,7,6,6,6,8,9,8,8,7,8,7,7.5
0028.mid,4,3,5,1,4,4,7,2,4,4,7,3,5.166666667,2.833333333
0029.mid,3,7,2,7,3,7,3,7,3,8,4,8,3,7.333333333
0030.mid,7,4,6,2,6,5,6,4,3,4,7,4,5.833333333,3.833333333
0031.mid,3,3,3,3,4,4,6,6,6,6,6,7,4.666666667,4.833333333
0032.mid,4,3,5,2,3,4,6,2,3,3,6,3,4.5,2.833333333
0033.mid,8,7,7,9,6,8,9,9,9,8,9,8,8,8.166666667
0034.mid,7,4,3,2,6,4,6,3,4,6,7,7,5.5,4.333333333
0035.mid,8,7,3,8,3,8,6,8,7,9,8,9,5.833333333,8.166666667
0036.mid,8,8,6,3,6,5,7,7,6,4,8,7,6.833333333,5.666666667
0037.mid,7,5,4,2,4,7,6,4,6,8,7,7,5.666666667,5.5
0038.mid,7,5,3,2,6,5,6,4,6,5,8,7,6,4.666666667
0039.mid,7,5,3,2,6,5,6,4,6,4,7,7,5.833333333,4.5
0040.mid,6,4,4,2,3,5,4,6,3,4,4,7,4,4.666666667
0041.mid,4,7,7,6,5,6,7,7,3,7,7,8,5.5,6.833333333
0042.mid,4,7,4,7,3,7,6,7,4,8,6,8,4.5,7.333333333
0043.mid,7,8,8,6,7,8,7,9,9,9,8,9,7.666666667,8.166666667
0044.mid,7,4,6,3,3,4,3,4,2,4,7,3,4.666666667,3.666666667
0045.mid,7,8,7,6,7,8,7,7,8,8,4,8,6.666666667,7.5
0046.mid,7,8,7,6,7,7,7,7,7,7,7,8,7,7.166666667
0047.mid,3,2,1,2,2,3,1,1,1,4,3,4,1.833333333,2.666666667
0048.mid,3,3,6,3,3,6,3,4,6,7,7,7,4.666666667,5
0049.mid,3,8,3,7,4,7,3,6,4,6,4,8,3.5,7
0050.mid,8,6,4,2,4,4,4,3,6,7,7,7,5.5,4.833333333
0051.mid,7,3,6,2,4,5,6,7,4,4,6,4,5.5,4.166666667
0052.mid,7,7,7,3,4,7,6,7,6,5,8,6,6.333333333,5.833333333
0053.mid,2,3,5,2,3,6,6,4,6,3,6,5,4.666666667,3.833333333
0054.mid,6,8,2,9,3,8,3,7,3,9,4,8,3.5,8.166666667
0055.mid,3,3,4,1,4,5,3,4,3,5,4,7,3.5,4.166666667
0056.mid,8,6,6,3,7,5,6,4,6,4,7,6,6.666666667,4.666666667
0057.mid,7,4,4,9,3,7,6,7,6,8,8,7,5.666666667,7
0058.mid,6,8,6,7,6,7,6,7,4,6,8,8,6,7.166666667
0059.mid,4,3,5,1,3,4,4,4,4,7,4,6,4,4.166666667
0060.mid,3,2,3,2,4,4,6,3,3,3,6,3,4.166666667,2.833333333
0061.mid,7,3,6,2,6,3,6,3,5,3,8,6,6.333333333,3.333333333
0062.mid,3,3,3,2,4,4,6,2,4,2,6,3,4.333333333,2.666666667
0063.mid,7,4,6,2,5,6,6,4,6,6,5,7,5.833333333,4.833333333
0064.mid,7,4,6,9,5,6,7,7,6,8,8,8,6.5,7
0065.mid,7,7,5,2,6,7,6,4,8,6,7,6,6.5,5.333333333
0066.mid,8,7,6,3,7,7,7,7,7,8,8,7,7.166666667,6.5
0067.mid,2,2,2,2,5,2,6,2,4,7,7,7,4.333333333,3.666666667
0068.mid,7,4,5,3,6,5,6,2,4,4,7,4,5.833333333,3.666666667
0069.mid,6,8,4,7,7,7,8,7,9,9,6,8,6.666666667,7.666666667
0070.mid,6,2,3,3,6,3,6,2,4,8,6,6,5.166666667,4
0071.mid,4,8,5,1,4,5,7,6,6,6,7,7,5.5,5.5
0072.mid,3,7,3,6,4,6,3,4,3,6,4,6,3.333333333,5.833333333
0073.mid,7,6,6,2,6,6,6,3,7,7,7,7,6.5,5.166666667
0074.mid,4,8,7,6,5,8,4,6,3,8,6,8,4.833333333,7.333333333
0075.mid,8,8,8,7,7,7,7,7,6,6,7,7,7.166666667,7
0076.mid,7,3,3,3,6,4,6,6,6,3,7,7,5.833333333,4.333333333
0077.mid,3,3,5,1,4,6,3,5,3,6,3,6,3.5,4.5
0078.mid,7,6,4,7,7,8,6,7,6,8,7,7,6.166666667,7.166666667
0079.mid,3,3,6,3,3,4,3,3,4,2,7,4,4.333333333,3.166666667
0080.mid,8,7,4,8,7,8,4,8,3,9,4,8,5,8
0081.mid,7,7,7,6,6,6,6,7,6,8,7,7,6.5,6.833333333
0082.mid,6,3,6,3,6,4,6,6,3,7,4,6,5.166666667,4.833333333
0083.mid,3,8,6,1,7,6,4,6,5,6,6,8,5.166666667,5.833333333
0084.mid,3,3,5,2,4,5,4,2,4,2,6,3,4.333333333,2.833333333
0085.mid,2,2,2,3,4,3,3,3,3,4,6,3,3.333333333,3
0086.mid,8,8,7,9,8,9,7,8,9,9,8,9,7.833333333,8.666666667
0087.mid,8,6,5,8,7,8,5,7,9,8,8,7,7,7.333333333
0088.mid,6,7,6,2,4,6,6,4,6,8,7,5,5.833333333,5.333333333
0089.mid,6,8,4,8,4,8,4,8,3,9,6,8,4.5,8.166666667
0090.mid,3,3,3,1,4,5,6,3,3,2,6,3,4.166666667,2.833333333
0091.mid,7,7,6,2,7,6,6,6,7,7,7,6,6.666666667,5.666666667
0092.mid,3,2,3,2,6,5,4,6,3,4,4,6,3.833333333,4.166666667
0093.mid,3,4,4,4,3,6,4,6,3,8,3,7,3.333333333,5.833333333
0094.mid,4,6,6,8,3,7,4,4,1,8,2,7,3.333333333,6.666666667
0095.mid,3,3,2,3,4,4,2,3,2,5,3,5,2.666666667,3.833333333
0096.mid,6,8,5,7,7,7,6,6,8,9,6,8,6.333333333,7.5
0097.mid,7,7,7,6,8,6,6,7,6,8,7,7,6.833333333,6.833333333
0098.mid,4,8,2,8,4,7,3,9,4,8,3,8,3.333333333,8
0099.mid,3,7,3,2,3,7,3,4,3,7,4,7,3.166666667,5.666666667
0100.mid,8,6,4,3,3,4,6,3,6,6,7,6,5.666666667,4.666666667
0101.mid,6,3,3,3,7,4,3,3,5,3,7,3,5.166666667,3.166666667
0102.mid,7,8,8,9,7,7,3,9,5,8,6,8,6,8.166666667
0103.mid,6,4,7,6,6,6,4,3,6,4,4,4,5.5,4.5
0104.mid,4,8,7,3,7,7,6,4,7,6,7,7,6.333333333,5.833333333
0105.mid,6,8,7,6,4,6,6,6,6,7,6,8,5.833333333,6.833333333
0106.mid,3,8,3,4,4,7,4,7,3,8,3,7,3.333333333,6.833333333
0107.mid,3,3,1,6,3,8,4,4,4,6,4,6,3.166666667,5.5
0108.mid,4,7,7,4,6,3,4,4,4,8,5,7,5,5.5
0109.mid,3,8,4,8,3,7,3,7,3,9,4,8,3.333333333,7.833333333
0110.mid,3,4,6,3,4,5,6,3,5,5,6,7,5,4.5
0111.mid,3,7,6,4,4,7,4,7,3,8,3,7,3.833333333,6.666666667
0112.mid,2,7,4,8,3,7,6,7,6,9,7,8,4.666666667,7.666666667
0113.mid,3,4,3,4,3,6,3,6,4,3,5,5,3.5,4.666666667
0114.mid,6,8,6,3,3,6,6,6,4,7,6,8,5.166666667,6.333333333
0115.mid,4,8,4,8,2,7,3,8,3,8,4,9,3.333333333,8
0116.mid,3,4,3,4,6,5,6,3,3,8,5,5,4.333333333,4.833333333
0117.mid,6,3,2,2,2,4,2,3,1,4,3,3,2.666666667,3.166666667
0118.mid,3,6,5,1,4,5,3,2,6,7,4,6,4.166666667,4.5
0119.mid,8,7,6,6,3,7,4,7,6,6,7,8,5.666666667,6.833333333
0120.mid,6,4,4,2,3,5,6,3,6,3,7,4,5.333333333,3.5
0121.mid,4,7,6,3,4,4,4,6,2,6,3,6,3.833333333,5.333333333
0122.mid,7,7,8,6,6,5,4,7,3,7,6,8,5.666666667,6.666666667
0123.mid,6,3,3,2,4,5,4,3,2,3,6,3,4.166666667,3.166666667
0124.mid,8,6,7,4,4,5,6,6,6,6,7,7,6.333333333,5.666666667
0125.mid,4,3,6,2,3,5,7,3,6,2,7,6,5.5,3.5
0126.mid,3,6,6,2,4,4,4,3,3,3,5,4,4.166666667,3.666666667
0127.mid,6,3,6,2,4,5,6,2,7,4,7,6,6,3.666666667
0128.mid,5,7,6,1,4,6,6,1,5,6,7,6,5.5,4.5
0129.mid,8,6,7,5,4,7,6,7,6,8,6,8,6.166666667,6.833333333
0130.mid,7,5,6,4,4,5,6,7,4,7,5,8,5.333333333,6
0131.mid,6,7,8,6,7,7,4,7,3,8,4,8,5.333333333,7.166666667
0132.mid,3,7,6,0,3,4,6,2,2,6,6,5,4.333333333,4
0133.mid,3,4,4,2,4,4,7,3,3,5,7,5,4.666666667,3.833333333
0134.mid,7,4,3,3,3,5,2,2,6,3,7,4,4.666666667,3.5
0135.mid,4,6,3,1,4,4,4,3,4,1,7,5,4.333333333,3.333333333
0136.mid,7,4,5,3,5,5,4,3,2,4,4,4,4.5,3.833333333
0137.mid,6,8,6,8,8,8,4,8,7,9,6,9,6.166666667,8.333333333
0138.mid,7,8,9,7,8,8,7,8,9,9,8,9,8,8.166666667
0139.mid,3,3,3,6,3,7,2,3,1,5,3,3,2.5,4.5
0140.mid,3,7,4,3,3,7,6,2,3,6,3,7,3.666666667,5.333333333
0141.mid,6,9,8,5,6,7,4,7,7,9,5,8,6,7.5
0142.mid,8,8,7,9,7,7,6,7,6,8,7,8,6.833333333,7.833333333
0143.mid,4,4,3,2,2,6,2,3,2,3,3,3,2.666666667,3.5
0144.mid,6,3,5,0,6,4,6,2,6,3,7,4,6,2.666666667
0145.mid,4,3,3,2,3,5,3,2,1,3,6,4,3.333333333,3.166666667
0146.mid,7,4,4,5,3,7,4,4,3,6,5,7,4.333333333,5.5
0147.mid,6,8,8,5,7,7,6,8,6,7,6,8,6.5,7.166666667
0148.mid,3,7,5,1,5,5,6,4,4,7,6,5,4.833333333,4.833333333
0149.mid,7,8,6,8,3,8,3,9,3,9,4,8,4.333333333,8.333333333
0150.mid,8,7,6,3,7,6,4,7,6,7,4,6,5.833333333,6
0151.mid,6,5,5,4,3,6,4,6,3,4,4,6,4.166666667,5.166666667
0152.mid,4,3,6,1,6,5,6,2,6,6,7,3,5.833333333,3.333333333
0153.mid,8,7,5,3,4,6,6,6,4,5,7,7,5.666666667,5.666666667
0154.mid,6,8,5,1,1,2,2,1,6,8,7,8,4.5,4.666666667
0155.mid,7,4,6,3,6,6,7,4,1,6,7,6,5.666666667,4.833333333
0156.mid,3,4,4,7,3,6,6,7,3,9,3,8,3.666666667,6.833333333
0157.mid,4,7,3,6,3,7,4,4,4,8,5,6,3.833333333,6.333333333
0158.mid,3,7,3,3,5,5,6,4,3,7,4,7,4,5.5
0159.mid,7,4,2,3,4,6,4,4,5,7,4,6,4.333333333,5
0160.mid,4,6,6,5,5,5,4,6,4,6,4,7,4.5,5.833333333
0161.mid,4,8,7,8,3,7,3,7,2,9,3,8,3.666666667,7.833333333
0162.mid,3,6,3,5,3,6,1,4,4,5,3,8,2.833333333,5.666666667
0163.mid,3,3,4,3,3,6,6,3,3,3,6,5,4.166666667,3.833333333
0164.mid,7,3,7,6,6,6,7,6,6,5,7,5,6.666666667,5.166666667
0165.mid,7,6,8,6,7,5,6,8,6,6,6,8,6.666666667,6.5
0166.mid,3,4,6,3,4,3,4,6,2,3,4,6,3.833333333,4.166666667
0167.mid,3,3,3,1,4,2,3,2,3,1,4,4,3.333333333,2.166666667
0168.mid,4,6,3,2,6,5,6,4,6,6,7,6,5.333333333,4.833333333
0169.mid,6,3,5,3,4,5,4,4,7,3,4,5,5,3.833333333
0170.mid,7,6,6,2,6,4,7,6,7,6,7,7,6.666666667,5.166666667
0171.mid,8,7,8,7,7,7,6,8,8,8,7,7,7.333333333,7.333333333
0172.mid,6,7,8,6,6,6,4,7,6,7,4,7,5.666666667,6.666666667
0173.mid,6,4,6,4,4,5,3,4,6,4,6,4,5.166666667,4.166666667
0174.mid,4,7,3,6,3,6,4,4,2,4,3,6,3.166666667,5.5
0175.mid,3,5,6,1,4,4,6,1,5,7,6,5,5,3.833333333
0176.mid,7,4,6,3,6,4,7,4,6,4,7,7,6.5,4.333333333
0177.mid,3,4,5,2,3,5,4,3,3,5,5,6,3.833333333,4.166666667
0178.mid,4,6,6,6,6,6,6,6,4,7,6,7,5.333333333,6.333333333
0179.mid,4,4,5,3,4,3,3,3,5,2,6,4,4.5,3.166666667
0180.mid,4,3,4,3,3,6,2,3,2,2,4,3,3.166666667,3.333333333
0181.mid,6,6,7,6,6,4,7,4,6,8,7,7,6.5,5.833333333
0182.mid,6,3,6,4,6,5,7,3,6,4,7,7,6.333333333,4.333333333
0183.mid,6,3,7,6,6,6,6,4,7,6,7,6,6.5,5.166666667
0184.mid,3,2,3,2,3,5,3,3,2,4,4,3,3,3.166666667
0185.mid,4,8,6,1,3,6,4,3,6,7,6,8,4.833333333,5.5
0186.mid,7,7,7,8,7,6,7,3,7,6,8,7,7.166666667,6.166666667
0187.mid,6,7,5,1,6,6,6,7,7,7,6,7,6,5.833333333
0188.mid,3,3,2,2,5,4,6,3,2,1,6,4,4,2.833333333
0189.mid,6,3,5,1,5,6,4,2,4,6,5,6,4.833333333,4
0190.mid,8,6,4,7,3,7,7,6,8,8,7,7,6.166666667,6.833333333
0191.mid,7,4,3,2,4,4,7,3,3,4,7,5,5.166666667,3.666666667
0192.mid,3,4,6,4,3,6,7,4,4,2,6,7,4.833333333,4.5
0193.mid,6,8,6,8,7,8,6,8,7,8,6,8,6.333333333,8
0194.mid,6,4,7,7,3,5,4,6,6,3,4,6,5,5.166666667
0195.mid,3,3,4,4,3,5,3,3,3,7,3,7,3.166666667,4.833333333
0196.mid,7,9,5,4,4,7,4,8,4,9,4,8,4.666666667,7.5
0197.mid,7,3,4,3,6,6,6,4,6,3,6,5,5.833333333,4
0198.mid,4,7,4,7,4,7,6,7,6,8,6,8,5,7.333333333
0199.mid,4,8,3,2,3,6,3,6,4,8,7,7,4,6.166666667
0200.mid,7,8,8,7,7,7,6,8,7,7,7,8,7,7.5
0201.mid,8,7,8,6,3,7,4,7,6,6,5,7,5.666666667,6.666666667
0202.mid,8,7,8,8,7,7,7,8,8,7,7,8,7.5,7.5
0203.mid,6,4,6,3,3,5,4,4,4,3,5,6,4.666666667,4.166666667
0204.mid,3,4,3,3,3,6,2,2,2,5,4,6,2.833333333,4.333333333
0205.mid,7,7,6,4,3,6,3,6,4,3,3,6,4.333333333,5.333333333
0206.mid,8,7,4,7,4,6,4,7,6,8,6,7,5.333333333,7
0207.mid,3,4,5,3,2,4,4,4,4,3,3,5,3.5,3.833333333
0208.mid,8,7,7,7,6,5,7,4,6,6,7,7,6.833333333,6
0209.mid,7,4,6,4,6,5,4,3,6,3,6,5,5.833333333,4
0210.mid,7,5,5,2,3,5,4,2,3,7,6,5,4.666666667,4.333333333
0211.mid,4,8,7,2,3,8,4,7,6,7,6,8,5,6.666666667
0212.mid,3,3,4,2,4,5,2,3,3,2,3,5,3.166666667,3.333333333
0213.mid,6,3,2,2,3,6,3,2,4,6,3,5,3.5,4
0214.mid,6,8,4,8,3,7,3,9,2,9,4,8,3.666666667,8.166666667
0215.mid,7,8,6,9,7,8,6,8,8,9,7,8,6.833333333,8.333333333
0216.mid,8,8,7,9,7,9,6,9,7,9,6,8,6.833333333,8.666666667
0217.mid,7,6,5,3,3,5,7,3,4,5,7,7,5.5,4.833333333
0218.mid,3,7,5,2,3,7,6,8,3,8,6,8,4.333333333,6.666666667
0219.mid,6,3,6,3,4,5,6,3,5,3,6,4,5.5,3.5
0220.mid,3,4,4,2,4,6,3,4,2,5,3,6,3.166666667,4.5
0221.mid,4,8,4,8,3,8,3,7,2,9,2,8,3,8
0222.mid,3,7,3,7,3,7,4,7,3,8,5,7,3.5,7.166666667
0223.mid,3,3,4,2,2,4,3,2,3,2,4,3,3.166666667,2.666666667
0224.mid,8,8,7,6,7,7,7,7,6,7,7,7,7,7
0225.mid,6,7,6,3,3,6,7,6,6,4,7,4,5.833333333,5
0226.mid,7,4,3,2,3,4,7,4,3,4,6,4,4.833333333,3.666666667
0227.mid,2,2,2,3,2,6,3,2,2,5,7,3,3,3.5
0228.mid,6,8,6,8,3,7,4,7,7,9,4,8,5,7.833333333
0229.mid,4,8,4,7,3,7,3,7,4,8,5,8,3.833333333,7.5
0230.mid,7,6,7,7,6,5,6,7,6,7,7,8,6.5,6.666666667
0231.mid,3,3,6,3,4,3,3,3,7,3,7,3,5,3
0232.mid,4,4,6,5,6,5,6,4,6,6,6,7,5.666666667,5.166666667
0233.mid,6,3,4,3,3,5,6,3,3,4,6,4,4.666666667,3.666666667
0234.mid,4,8,7,6,4,6,6,8,3,7,4,8,4.666666667,7.166666667
0235.mid,7,3,6,3,6,4,7,4,5,3,6,4,6.166666667,3.5
0236.mid,6,4,7,5,4,6,6,6,3,7,6,8,5.333333333,6
0237.mid,7,5,6,4,4,5,6,6,6,6,6,7,5.833333333,5.5
0238.mid,6,8,8,6,7,7,6,7,5,6,4,7,6,6.833333333
0239.mid,8,7,6,8,4,7,6,8,6,7,6,8,6,7.5
0240.mid,8,9,7,9,7,6,7,9,9,9,7,9,7.5,8.5
0241.mid,6,3,5,2,3,6,6,2,2,4,3,5,4.166666667,3.666666667
0242.mid,6,3,6,3,3,5,6,3,4,5,6,3,5.166666667,3.666666667
0243.mid,7,7,7,5,6,6,6,6,6,3,7,8,6.5,5.833333333
0244.mid,7,4,6,3,4,4,7,3,6,3,7,4,6.166666667,3.5
0245.mid,8,7,6,3,7,6,6,4,7,7,7,6,6.833333333,5.5
0246.mid,4,5,4,7,3,7,4,6,4,8,3,8,3.666666667,6.833333333
0247.mid,4,7,3,7,5,6,6,7,6,6,5,7,4.833333333,6.666666667
0248.mid,7,6,8,7,7,7,8,7,7,7,8,8,7.5,7
0249.mid,8,7,7,6,6,6,7,4,6,7,7,7,6.833333333,6.166666667
0250.mid,4,8,4,4,3,7,4,7,3,8,4,7,3.666666667,6.833333333
0251.mid,8,8,8,7,7,7,6,8,7,8,6,8,7,7.666666667
0252.mid,6,8,4,8,3,8,6,9,2,9,4,8,4.166666667,8.333333333
0253.mid,7,6,6,8,3,6,6,7,5,6,7,8,5.666666667,6.833333333
0254.mid,7,8,6,9,8,9,7,9,6,8,6,8,6.666666667,8.5
0255.mid,8,6,4,7,3,7,4,7,3,8,7,8,4.833333333,7.166666667
0256.mid,3,7,5,3,4,5,6,4,5,2,6,8,4.833333333,4.833333333
0257.mid,6,4,5,2,3,5,6,3,5,1,6,5,5.166666667,3.333333333
0258.mid,7,4,7,6,6,5,7,6,6,6,7,8,6.666666667,5.833333333
0259.mid,5,3,6,1,4,5,6,2,6,3,6,4,5.5,3
0260.mid,3,2,3,2,3,6,7,4,2,4,4,4,3.666666667,3.666666667
0261.mid,3,7,4,5,3,7,4,6,3,7,4,7,3.5,6.5
0262.mid,3,3,3,2,3,5,3,3,2,3,6,3,3.333333333,3.166666667
0263.mid,2,4,3,2,3,6,4,2,2,7,3,7,2.833333333,4.666666667
0264.mid,7,7,7,6,6,6,7,6,7,7,8,7,7,6.5
0265.mid,4,7,5,4,3,5,6,6,4,8,5,7,4.5,6.166666667
0266.mid,7,6,5,3,6,5,6,7,6,6,4,6,5.666666667,5.5
0267.mid,6,8,5,6,6,6,6,8,3,6,5,8,5.166666667,7
0268.mid,3,7,5,1,4,4,4,3,6,6,7,6,4.833333333,4.5
0269.mid,7,4,4,2,5,5,6,3,7,6,7,7,6,4.5
0270.mid,3,6,3,2,2,6,3,3,3,7,3,7,2.833333333,5.166666667
0271.mid,6,8,4,7,3,8,3,7,2,9,4,8,3.666666667,7.833333333
0272.mid,7,3,6,3,6,6,7,7,3,3,4,5,5.5,4.5
0273.mid,3,7,6,4,6,5,8,8,5,4,6,8,5.666666667,6
0274.mid,4,6,6,3,3,6,7,6,6,6,4,8,5,5.833333333
0275.mid,3,3,5,3,2,4,3,3,2,3,3,5,3,3.5
0276.mid,3,3,5,3,3,5,6,4,3,4,4,6,4,4.166666667
0277.mid,3,6,5,5,3,5,4,6,3,7,3,7,3.5,6
0278.mid,6,9,4,7,2,7,3,8,4,9,4,7,3.833333333,7.833333333
0279.mid,8,6,6,3,7,5,7,4,6,5,7,6,6.833333333,4.833333333
0280.mid,6,4,5,3,3,5,7,6,4,5,3,4,4.666666667,4.5
0281.mid,7,8,5,8,7,8,4,7,4,8,6,9,5.5,8
0282.mid,7,8,6,8,7,8,3,7,6,8,7,9,6,8
0283.mid,7,6,7,6,6,6,6,4,3,5,7,8,6,5.833333333
0284.mid,2,2,3,3,2,6,3,7,1,5,3,7,2.333333333,5
0285.mid,7,7,5,2,6,7,7,6,6,7,7,7,6.333333333,6
0286.mid,4,7,6,4,3,6,4,4,5,5,6,8,4.666666667,5.666666667
0287.mid,2,2,2,2,2,5,2,2,5,2,6,3,3.166666667,2.666666667
0288.mid,6,8,6,5,7,6,7,7,6,8,6,8,6.333333333,7
0289.mid,4,8,7,6,2,8,3,7,3,8,3,8,3.666666667,7.5
0290.mid,8,8,8,7,7,7,4,6,6,8,7,8,6.666666667,7.333333333
0291.mid,4,7,6,3,5,6,3,4,2,5,5,8,4.166666667,5.5
0292.mid,7,8,7,7,6,7,6,7,4,6,6,7,6,7
0293.mid,4,7,7,1,3,6,4,4,6,6,7,7,5.166666667,5.166666667
0294.mid,7,6,5,4,3,7,3,3,6,4,7,7,5.166666667,5.166666667
0295.mid,6,3,5,2,5,4,3,2,6,7,7,5,5.333333333,3.833333333
0296.mid,6,4,5,2,3,6,4,7,7,8,7,8,5.333333333,5.833333333
0297.mid,6,7,7,5,3,7,4,4,2,6,4,7,4.333333333,6
0298.mid,2,2,3,2,2,5,3,2,2,3,4,3,2.666666667,2.833333333
0299.mid,3,6,4,3,3,6,2,2,3,4,4,6,3.166666667,4.5
0300.mid,7,7,6,3,7,6,7,7,6,4,6,7,6.5,5.666666667
0301.mid,4,8,6,2,4,7,6,7,4,7,4,4,4.666666667,5.833333333
0302.mid,3,3,4,3,3,5,6,3,5,3,6,5,4.5,3.666666667
0303.mid,6,8,7,9,7,7,3,7,6,8,7,8,6,7.833333333
0304.mid,2,2,3,3,2,6,3,2,2,4,4,4,2.666666667,3.5
0305.mid,8,7,4,3,6,6,4,6,6,8,7,7,5.833333333,6.166666667
0306.mid,6,4,2,2,3,6,3,3,1,5,3,4,3,4
0307.mid,4,6,6,5,4,5,3,4,5,5,7,7,4.833333333,5.333333333
0308.mid,4,7,6,3,3,5,3,7,7,6,6,5,4.833333333,5.5
0309.mid,7,7,6,4,6,5,6,4,7,7,7,6,6.5,5.5
0310.mid,7,6,6,3,6,5,7,7,8,6,7,7,6.833333333,5.666666667
0311.mid,2,3,5,2,2,4,2,1,6,3,6,4,3.833333333,2.833333333
0312.mid,6,7,6,7,3,7,7,7,6,7,7,8,5.833333333,7.166666667
0313.mid,8,6,6,4,3,6,4,4,6,6,7,7,5.666666667,5.5
0314.mid,4,3,4,2,2,5,4,3,2,4,4,4,3.333333333,3.5
0315.mid,7,8,7,9,7,8,3,8,6,7,7,8,6.166666667,8
0316.mid,3,2,1,2,2,3,2,1,1,1,4,3,2.166666667,2
0317.mid,4,8,2,8,3,7,3,8,3,8,3,8,3,7.833333333
0318.mid,8,7,7,7,7,7,7,7,8,8,7,6,7.333333333,7
0319.mid,6,3,5,1,5,4,4,3,6,3,7,3,5.5,2.833333333
0320.mid,2,2,3,4,2,7,4,7,1,6,4,4,2.666666667,5
0321.mid,8,8,8,7,7,8,8,8,8,8,8,8,7.833333333,7.833333333
0322.mid,3,4,3,2,3,5,4,4,3,3,4,4,3.333333333,3.666666667
0323.mid,7,7,5,3,4,4,3,3,3,4,4,5,4.333333333,4.333333333
0324.mid,3,4,2,3,2,4,3,3,4,6,6,5,3.333333333,4.166666667
0325.mid,4,7,7,6,3,7,3,7,4,7,5,6,4.333333333,6.666666667
0326.mid,7,7,6,3,6,6,7,7,6,6,7,7,6.5,6
0327.mid,6,8,8,6,6,6,7,6,6,7,7,8,6.666666667,6.833333333
0328.mid,6,4,7,3,5,5,7,3,6,8,7,7,6.333333333,5
0329.mid,7,4,5,3,4,5,6,3,4,6,4,4,5,4.166666667
0330.mid,6,3,6,4,6,5,7,6,6,6,7,7,6.333333333,5.166666667
0331.mid,3,3,3,6,3,6,3,4,2,4,4,5,3,4.666666667
0332.mid,3,3,2,4,2,5,3,3,2,6,3,3,2.5,4
0333.mid,6,3,3,2,3,6,3,3,1,2,4,4,3.333333333,3.333333333
0334.mid,7,6,5,3,3,5,6,3,5,6,3,6,4.833333333,4.833333333
0335.mid,8,7,6,3,6,5,7,7,6,7,7,7,6.666666667,6
0336.mid,8,7,7,6,6,6,7,7,7,8,6,7,6.833333333,6.833333333
0337.mid,4,5,5,1,2,3,3,7,4,5,4,5,3.666666667,4.333333333
0338.mid,3,4,2,5,3,6,3,3,4,3,4,6,3.166666667,4.5
0339.mid,4,8,5,4,6,6,7,6,6,6,6,7,5.666666667,6.166666667
0340.mid,7,4,3,4,3,6,7,3,6,4,4,4,5,4.166666667
0341.mid,6,7,8,5,7,7,7,7,7,7,6,7,6.833333333,6.666666667
0342.mid,8,8,6,6,3,6,7,7,7,8,6,7,6.166666667,7
0343.mid,2,2,2,2,2,4,3,3,1,2,4,5,2.333333333,3
0344.mid,8,8,7,5,4,6,8,7,7,7,8,7,7,6.666666667
0345.mid,3,8,5,1,3,5,7,8,6,6,6,8,5,6
0346.mid,4,8,3,4,3,7,4,6,4,7,3,5,3.5,6.166666667
0347.mid,3,2,2,2,2,3,1,1,3,3,2,3,2.166666667,2.333333333
0348.mid,7,6,6,4,3,4,7,6,3,4,7,7,5.5,5.166666667
0349.mid,6,7,6,6,3,7,8,7,3,8,4,8,5,7.166666667
0350.mid,4,7,3,3,2,6,4,3,2,6,6,6,3.5,5.166666667
0351.mid,4,6,5,4,3,7,8,7,3,6,7,7,5,6.166666667
0352.mid,4,8,4,7,3,7,4,7,3,8,4,8,3.666666667,7.5
0353.mid,3,6,5,0,3,6,3,4,4,3,5,7,3.833333333,4.333333333
0354.mid,2,2,2,1,2,4,2,2,3,1,4,5,2.5,2.5
0355.mid,3,6,5,4,2,6,4,6,2,4,6,8,3.666666667,5.666666667
0356.mid,8,7,7,6,7,6,4,6,6,5,7,7,6.5,6.166666667
0357.mid,7,8,6,5,3,6,6,3,6,7,6,8,5.666666667,6.166666667
0358.mid,7,4,5,3,3,6,4,3,3,4,7,4,4.833333333,4
0359.mid,8,8,7,6,6,6,3,7,6,7,6,8,6,7
0360.mid,7,4,6,3,3,5,3,3,6,6,7,4,5.333333333,4.166666667
0361.mid,6,8,6,8,6,5,3,7,6,7,6,8,5.5,7.166666667
0362.mid,2,3,5,3,3,4,3,3,4,2,3,6,3.333333333,3.5
0363.mid,4,8,8,7,7,6,6,7,6,6,6,8,6.166666667,7
0364.mid,3,4,4,7,3,6,4,6,6,3,4,5,4,5.166666667
0365.mid,7,8,6,8,7,9,3,8,7,8,7,8,6.166666667,8.166666667
0366.mid,7,6,6,3,6,7,6,3,4,3,4,7,5.5,4.833333333
0367.mid,2,2,4,2,5,3,6,2,5,2,7,4,4.833333333,2.5
0368.mid,7,7,6,7,7,7,7,7,6,6,6,8,6.5,7
0369.mid,4,6,6,3,6,6,3,3,4,5,4,6,4.5,4.833333333
0370.mid,8,8,6,8,7,8,3,7,6,7,7,8,6.166666667,7.666666667
0371.mid,8,7,6,3,6,7,7,3,6,6,7,7,6.666666667,5.5
0372.mid,3,4,5,5,6,5,3,3,4,2,4,5,4.166666667,4
0373.mid,6,8,8,6,6,8,3,7,4,6,6,8,5.5,7.166666667
0374.mid,4,8,4,7,7,8,4,8,3,7,6,8,4.666666667,7.666666667
0375.mid,7,4,5,3,3,6,4,4,5,3,6,4,5,4
0376.mid,3,4,6,3,6,5,3,6,2,1,4,4,4,3.833333333
0377.mid,6,3,5,3,3,4,3,3,2,2,7,6,4.333333333,3.5
0378.mid,3,4,4,3,3,5,6,3,3,1,4,4,3.833333333,3.333333333
0379.mid,4,7,4,4,6,6,7,3,4,6,6,8,5.166666667,5.666666667
0380.mid,6,4,5,3,7,5,4,4,6,2,7,3,5.833333333,3.5
0381.mid,3,4,4,2,3,4,3,3,6,3,6,3,4.166666667,3.166666667
0382.mid,6,8,7,8,7,8,3,7,3,7,6,8,5.333333333,7.666666667
0383.mid,7,6,6,4,4,6,3,3,3,4,7,7,5,5
0384.mid,4,5,5,3,4,7,2,2,6,4,7,4,4.666666667,4.166666667
0385.mid,8,7,7,6,7,8,7,7,7,7,7,8,7.166666667,7.166666667
0386.mid,3,6,4,3,6,4,3,4,2,3,3,4,3.5,4
0387.mid,7,7,7,7,8,8,3,6,7,6,6,8,6.333333333,7
0388.mid,6,8,8,6,7,7,3,3,7,8,6,8,6.166666667,6.666666667
0389.mid,2,2,4,6,4,6,3,3,2,2,5,5,3.333333333,4
0390.mid,6,2,2,2,3,2,2,1,2,3,6,3,3.5,2.166666667
0391.mid,6,3,4,4,4,3,2,1,5,4,7,6,4.666666667,3.5
0392.mid,6,3,5,3,5,5,3,2,3,4,3,6,4.166666667,3.833333333
0393.mid,8,7,7,9,7,8,3,7,6,9,7,8,6.333333333,8
0394.mid,2,2,3,4,5,5,3,3,3,2,6,3,3.666666667,3.166666667
0395.mid,7,6,6,3,7,7,7,8,6,3,3,5,6,5.333333333
0396.mid,6,8,7,7,8,8,8,8,7,7,7,7,7.166666667,7.5
0397.mid,6,9,7,8,7,8,3,6,8,9,4,7,5.833333333,7.833333333
0398.mid,3,2,3,2,4,3,3,2,5,4,7,3,4.166666667,2.666666667
0399.mid,4,8,4,7,7,7,3,7,4,7,4,8,4.333333333,7.333333333
0400.mid,4,7,2,9,3,7,4,6,4,8,5,8,3.666666667,7.5
0401.mid,6,4,6,3,4,5,6,3,6,3,7,5,5.833333333,3.833333333
0402.mid,6,3,7,3,2,3,2,2,6,4,8,6,5.166666667,3.5
0403.mid,2,3,6,1,6,4,3,3,3,2,6,3,4.333333333,2.666666667
0404.mid,2,4,7,6,6,7,4,7,1,4,6,8,4.333333333,6
0405.mid,7,4,6,3,3,5,4,4,6,2,7,8,5.5,4.333333333
0406.mid,8,6,6,5,6,5,4,3,5,3,7,7,6,4.833333333
0407.mid,6,7,7,7,7,8,4,7,6,8,7,7,6.166666667,7.333333333
0408.mid,3,3,3,4,4,6,3,3,4,6,4,3,3.5,4.166666667
0409.mid,3,4,4,3,3,3,3,3,2,4,6,5,3.5,3.666666667
0410.mid,2,3,7,2,5,4,6,4,6,2,6,2,5.333333333,2.833333333
0411.mid,2,3,5,1,4,6,6,4,6,3,6,2,4.833333333,3.166666667
0412.mid,4,8,6,8,7,6,6,7,7,7,4,8,5.666666667,7.333333333
0413.mid,4,7,4,7,3,8,3,6,3,9,6,8,3.833333333,7.5
0414.mid,3,8,4,7,4,8,4,7,4,8,4,8,3.833333333,7.666666667
0415.mid,8,7,6,3,6,7,7,7,5,4,6,8,6.333333333,6
0416.mid,7,3,6,5,4,4,6,3,6,4,7,7,6,4.333333333
0417.mid,2,2,4,3,5,5,3,3,3,2,7,4,4,3.166666667
0418.mid,7,4,7,6,4,6,3,3,7,6,7,7,5.833333333,5.333333333
0419.mid,4,8,4,9,8,8,3,8,4,9,6,8,4.833333333,8.333333333
0420.mid,7,6,6,4,6,6,7,6,6,4,7,6,6.5,5.333333333
0421.mid,3,4,3,0,3,7,3,3,4,6,4,4,3.333333333,4
0422.mid,4,7,5,8,6,7,3,8,3,4,4,4,4.166666667,6.333333333
0423.mid,2,2,2,2,2,3,3,2,1,2,4,3,2.333333333,2.333333333
0424.mid,3,6,5,1,3,6,3,3,4,6,5,5,3.833333333,4.5
0425.mid,6,8,5,7,4,8,4,6,3,8,3,8,4.166666667,7.5
0426.mid,2,4,3,4,5,6,3,3,3,2,6,7,3.666666667,4.333333333
0427.mid,8,7,5,3,6,6,4,4,6,3,4,5,5.5,4.666666667
0428.mid,7,3,5,3,4,3,6,3,6,3,6,4,5.666666667,3.166666667
0429.mid,6,3,6,3,6,5,6,2,7,6,7,6,6.333333333,4.166666667
0430.mid,7,7,4,7,6,8,4,6,3,7,6,8,5,7.166666667
0431.mid,7,6,6,5,4,7,4,6,7,7,7,7,5.833333333,6.333333333
0432.mid,3,3,3,2,5,4,3,3,2,3,4,3,3.333333333,3
0433.mid,6,3,5,4,3,6,3,3,4,3,6,3,4.5,3.666666667
0434.mid,2,2,4,3,4,5,3,3,2,3,6,4,3.5,3.333333333
0435.mid,8,6,5,3,6,8,6,6,6,7,7,7,6.333333333,6.166666667
0436.mid,7,6,6,3,6,5,6,7,7,7,6,7,6.333333333,5.833333333
0437.mid,7,3,5,2,6,4,4,4,6,4,6,4,5.666666667,3.5
0438.mid,6,9,6,9,4,9,4,7,8,9,4,9,5.333333333,8.666666667
0439.mid,3,4,5,3,6,5,6,2,6,2,6,4,5.333333333,3.333333333
0440.mid,4,6,4,3,4,7,7,6,2,4,4,5,4.166666667,5.166666667
0441.mid,3,6,4,5,6,7,3,6,3,6,4,5,3.833333333,5.833333333
0442.mid,6,4,5,3,4,7,3,2,2,3,3,6,3.833333333,4.166666667
0443.mid,7,4,5,3,6,7,6,3,2,2,6,3,5.333333333,3.666666667
0444.mid,8,7,4,6,8,9,6,8,4,7,4,8,5.666666667,7.5
0445.mid,7,4,5,3,3,7,7,4,4,7,6,4,5.333333333,4.833333333
0446.mid,2,3,6,3,3,4,4,2,3,1,4,5,3.666666667,3
0447.mid,6,3,5,2,3,2,6,1,3,1,7,4,5,2.166666667
0448.mid,7,4,6,3,4,7,6,6,6,4,7,6,6,5
0449.mid,4,4,2,7,3,8,3,6,3,7,4,7,3.166666667,6.5
0450.mid,6,8,6,8,6,8,7,6,6,7,7,8,6.333333333,7.5
0451.mid,3,7,6,4,6,8,6,2,2,7,5,7,4.666666667,5.833333333
0452.mid,4,7,5,1,4,6,3,4,4,6,5,4,4.166666667,4.666666667
0453.mid,7,8,7,7,7,8,7,8,7,8,6,8,6.833333333,7.833333333
0454.mid,8,4,6,3,6,6,7,4,6,3,6,4,6.5,4
0455.mid,7,3,6,3,3,5,6,3,5,2,7,6,5.666666667,3.666666667
0456.mid,3,4,5,3,5,5,6,6,3,7,7,6,4.833333333,5.166666667
0457.mid,3,3,5,2,3,4,6,4,3,3,6,4,4.333333333,3.333333333
0458.mid,4,8,6,8,3,8,4,8,4,9,6,8,4.5,8.166666667
0459.mid,6,4,6,4,4,4,7,4,4,6,6,4,5.5,4.333333333
0460.mid,6,3,6,2,3,6,6,2,6,3,7,4,5.666666667,3.333333333
0461.mid,2,2,4,3,4,4,6,6,2,4,6,7,4,4.333333333
0462.mid,8,8,8,7,6,7,8,7,7,8,6,8,7.166666667,7.5
0463.mid,3,2,3,2,3,4,7,3,3,4,4,4,3.833333333,3.166666667
0464.mid,6,3,4,2,2,3,6,4,7,6,6,4,5.166666667,3.666666667
0465.mid,7,6,7,6,6,7,7,7,7,7,7,8,6.833333333,6.833333333
0466.mid,2,2,5,3,3,4,4,4,3,1,7,3,4,2.833333333
0467.mid,6,7,6,3,6,8,8,6,7,7,7,7,6.666666667,6.333333333
0468.mid,4,6,4,6,6,7,2,4,3,8,3,6,3.666666667,6.166666667
0469.mid,7,4,5,2,5,4,6,6,7,6,7,3,6.166666667,4.166666667
0470.mid,3,3,3,1,4,5,3,4,3,6,3,4,3.166666667,3.833333333
0471.mid,7,4,6,2,6,7,7,6,6,7,7,7,6.5,5.5
0472.mid,7,3,5,3,6,5,7,3,7,4,7,3,6.5,3.5
0473.mid,4,4,6,3,6,7,7,8,6,3,7,4,6,4.833333333
0474.mid,3,6,5,2,4,6,3,4,3,7,6,4,4,4.833333333
0475.mid,6,8,6,5,7,7,8,8,4,6,6,8,6.166666667,7
0476.mid,2,2,5,3,6,5,6,2,3,2,6,4,4.666666667,3
0477.mid,6,3,4,3,3,7,6,6,5,2,7,4,5.166666667,4.166666667
0478.mid,7,4,6,1,6,7,6,6,5,6,7,7,6.166666667,5.166666667
0479.mid,8,7,6,3,8,8,7,8,7,6,7,7,7.166666667,6.5
0480.mid,6,9,5,7,3,9,4,7,3,9,6,8,4.5,8.166666667
0481.mid,7,4,5,3,8,7,6,3,5,6,4,5,5.833333333,4.666666667
0482.mid,3,3,4,2,5,4,2,2,1,4,3,3,3,3
0483.mid,4,6,6,3,7,7,6,2,1,5,6,4,5,4.5
0484.mid,2,3,6,4,6,6,1,3,2,3,6,7,3.833333333,4.333333333
0485.mid,2,2,5,2,6,6,4,4,5,3,7,4,4.833333333,3.5
0486.mid,7,4,6,3,8,8,6,6,6,7,6,7,6.5,5.833333333
0487.mid,3,6,2,6,6,6,4,3,3,7,5,4,3.833333333,5.333333333
0488.mid,6,9,6,8,7,9,7,8,2,9,6,8,5.666666667,8.5
0489.mid,6,3,6,3,7,7,6,7,7,7,7,6,6.5,5.5
0490.mid,7,6,3,4,8,8,8,7,3,5,7,6,6,6
0491.mid,7,4,6,2,6,7,6,6,6,4,7,5,6.333333333,4.666666667
0492.mid,2,2,5,4,4,8,4,4,4,7,6,4,4.166666667,4.833333333
0493.mid,7,4,6,3,7,6,7,4,2,3,6,4,5.833333333,4
0494.mid,8,7,8,8,8,9,8,9,6,8,7,7,7.5,8
0495.mid,4,8,7,7,7,8,2,4,3,8,3,7,4.333333333,7
0496.mid,7,8,6,4,7,7,6,8,7,7,7,7,6.666666667,6.833333333
0497.mid,8,7,6,3,8,7,6,6,7,6,7,6,7,5.833333333
0498.mid,3,3,2,2,3,4,5,3,3,3,4,4,3.333333333,3.166666667
0499.mid,6,7,4,6,8,8,6,7,4,7,4,8,5.333333333,7.166666667
0500.mid,4,8,4,7,8,8,4,8,3,7,3,8,4.333333333,7.666666667
0501.mid,6,4,6,3,8,7,3,4,3,3,3,7,4.833333333,4.666666667
0502.mid,7,6,7,5,8,8,4,4,4,8,6,8,6,6.5
0503.mid,2,2,4,3,3,3,2,3,5,2,6,3,3.666666667,2.666666667
0504.mid,8,6,6,3,6,7,7,6,7,6,8,6,7,5.666666667
0505.mid,3,3,3,3,4,4,3,4,6,2,6,3,4.166666667,3.166666667
0506.mid,7,6,5,3,6,8,6,7,6,7,7,8,6.166666667,6.5
0507.mid,6,3,5,6,7,7,3,4,2,5,3,5,4.333333333,5
0508.mid,2,3,3,2,5,5,6,3,3,1,6,4,4.166666667,3
0509.mid,2,2,4,4,4,6,4,4,3,3,6,3,3.833333333,3.666666667
0510.mid,8,4,7,7,4,8,6,7,7,7,7,6,6.5,6.5
0511.mid,8,7,6,6,4,7,7,8,6,8,6,8,6.166666667,7.333333333
0512.mid,4,6,6,5,4,8,3,4,4,6,4,7,4.166666667,6
0513.mid,6,7,6,8,7,8,4,8,7,8,6,8,6,7.833333333
0514.mid,8,7,6,3,7,7,7,7,6,7,7,7,6.833333333,6.333333333
0515.mid,2,2,5,1,4,6,3,4,2,3,5,3,3.5,3.166666667
0516.mid,4,7,6,7,8,8,7,9,7,9,7,8,6.5,8
0517.mid,6,3,5,3,7,7,2,4,3,7,6,4,4.833333333,4.666666667
0518.mid,8,6,7,6,8,8,6,7,6,4,7,8,7,6.5
0519.mid,4,7,5,7,7,8,3,7,4,7,6,7,4.833333333,7.166666667
0520.mid,8,7,6,3,7,8,7,8,7,8,4,7,6.5,6.833333333
0521.mid,6,8,4,4,6,7,7,6,6,7,7,4,6,6
0522.mid,4,8,8,5,7,7,6,8,3,6,7,8,5.833333333,7
0523.mid,4,4,6,4,7,6,6,3,2,4,6,6,5.166666667,4.5
0524.mid,7,8,7,7,7,8,7,9,6,7,7,9,6.833333333,8
0525.mid,7,9,7,9,4,8,4,8,3,9,6,9,5.166666667,8.666666667
0526.mid,2,2,2,2,6,4,6,2,2,3,3,4,3.5,2.833333333
0527.mid,8,6,4,7,4,7,4,4,3,6,4,7,4.5,6.166666667
0528.mid,2,3,3,4,3,4,6,1,2,3,6,3,3.666666667,3
0529.mid,7,3,6,2,6,5,7,4,6,3,8,4,6.666666667,3.5
0530.mid,3,7,7,8,7,8,4,8,2,8,6,8,4.833333333,7.833333333
0531.mid,8,6,6,3,6,5,7,6,6,4,7,7,6.666666667,5.166666667
0532.mid,2,3,5,2,5,4,6,3,6,2,6,3,5,2.833333333
0533.mid,3,7,7,8,7,7,3,7,4,7,4,7,4.666666667,7.166666667
0534.mid,3,7,4,2,6,5,2,3,4,3,3,3,3.666666667,3.833333333
0535.mid,6,4,5,4,8,7,4,3,3,4,3,5,4.833333333,4.5
0536.mid,2,3,4,4,4,6,3,4,4,7,5,6,3.666666667,5
0537.mid,4,7,4,4,6,7,4,8,4,7,6,7,4.666666667,6.666666667
0538.mid,7,6,5,2,6,8,6,4,4,6,6,7,5.666666667,5.5
0539.mid,8,7,6,4,7,8,6,7,3,6,6,8,6,6.666666667
0540.mid,4,7,5,7,3,8,2,4,3,7,3,7,3.333333333,6.666666667
0541.mid,7,7,7,6,6,8,6,8,4,7,6,7,6,7.166666667
0542.mid,6,3,7,7,4,7,8,7,7,6,7,8,6.5,6.333333333
0543.mid,6,3,6,3,6,4,7,4,6,2,7,6,6.333333333,3.666666667
0544.mid,4,4,5,3,5,4,3,4,4,3,6,3,4.5,3.5
0545.mid,8,7,7,5,7,8,6,8,5,7,6,7,6.5,7
0546.mid,7,4,7,5,7,6,7,6,3,4,4,5,5.833333333,5
0547.mid,7,6,7,6,6,5,7,4,2,3,6,4,5.833333333,4.666666667
0548.mid,7,4,8,6,7,6,7,3,2,2,8,4,6.5,4.166666667
0549.mid,3,7,6,4,7,7,4,4,1,4,4,5,4.166666667,5.166666667
0550.mid,7,6,7,6,8,8,8,7,6,4,7,7,7.166666667,6.333333333
0551.mid,2,2,3,4,6,5,3,7,1,6,3,3,3,4.5
0552.mid,6,3,6,3,7,4,6,3,6,4,8,4,6.5,3.5
0553.mid,8,7,5,4,8,8,7,6,6,4,7,6,6.833333333,5.833333333
0554.mid,7,4,6,3,7,6,7,3,6,6,8,6,6.833333333,4.666666667
0555.mid,2,2,4,3,6,6,3,4,4,5,4,6,3.833333333,4.333333333
0556.mid,3,2,3,3,6,3,4,4,3,6,3,4,3.666666667,3.666666667
0557.mid,4,7,5,8,4,7,3,8,2,8,6,7,4,7.5
0558.mid,6,8,7,9,7,8,4,9,4,8,7,9,5.833333333,8.5
0559.mid,3,3,4,5,6,7,4,3,4,5,3,4,4,4.5
0560.mid,7,8,7,7,8,8,6,7,4,7,6,8,6.333333333,7.5
0561.mid,3,7,6,4,6,8,3,7,4,7,3,5,4.166666667,6.333333333
0562.mid,4,8,7,6,7,8,6,8,6,7,3,7,5.5,7.333333333
0563.mid,6,7,5,7,7,7,8,7,4,8,5,7,5.833333333,7.166666667
0564.mid,6,2,5,3,7,5,7,4,6,3,7,4,6.333333333,3.5
0565.mid,4,6,5,4,8,7,3,4,1,4,3,5,4,5
0566.mid,6,8,7,8,7,8,6,6,8,7,7,8,6.833333333,7.5
0567.mid,6,3,6,2,6,4,6,4,4,4,3,6,5.166666667,3.833333333
0568.mid,7,7,5,8,8,8,6,8,4,9,3,8,5.5,8
0569.mid,8,6,7,6,8,8,9,7,6,7,7,7,7.5,6.833333333
0570.mid,7,3,6,4,7,5,6,6,6,4,7,6,6.5,4.666666667
0571.mid,2,2,6,4,4,6,6,4,2,1,3,4,3.833333333,3.5
0572.mid,8,7,7,5,6,8,6,8,7,8,7,8,6.833333333,7.333333333
0573.mid,4,7,3,5,4,6,3,4,4,7,4,4,3.666666667,5.5
0574.mid,6,9,6,8,7,8,8,8,8,8,7,8,7,8.166666667
0575.mid,4,6,7,3,6,7,7,8,7,9,6,7,6.166666667,6.666666667
0576.mid,3,2,4,4,5,5,4,1,4,2,7,4,4.5,3
0577.mid,7,3,5,3,4,5,7,4,4,2,6,4,5.5,3.5
0578.mid,2,2,3,3,5,5,3,3,5,1,3,3,3.5,2.833333333
0579.mid,6,3,5,3,6,6,8,4,6,3,7,6,6.333333333,4.166666667
0580.mid,7,8,3,4,4,8,4,7,4,8,5,7,4.5,7
0581.mid,6,3,6,2,4,3,7,3,5,4,7,4,5.833333333,3.166666667
0582.mid,4,7,6,7,7,8,6,7,6,7,6,8,5.833333333,7.333333333
0583.mid,3,7,5,8,3,8,4,8,4,7,3,8,3.666666667,7.666666667
0584.mid,6,3,5,3,4,6,7,6,5,3,4,5,5.166666667,4.333333333
0585.mid,7,4,7,2,4,7,8,6,6,5,7,7,6.5,5.166666667
0586.mid,8,4,6,3,6,6,8,8,6,3,7,6,6.833333333,5
0587.mid,2,2,3,2,3,2,2,1,2,2,3,3,2.5,2
0588.mid,8,8,5,7,3,7,6,8,4,8,4,8,5,7.666666667
0589.mid,4,6,6,4,4,7,8,6,6,3,6,6,5.666666667,5.333333333
0590.mid,4,7,3,8,4,7,3,8,4,6,5,6,3.833333333,7
0591.mid,8,7,6,3,6,7,6,8,6,2,7,7,6.5,5.666666667
0592.mid,1,2,3,2,3,3,6,2,2,2,2,3,2.833333333,2.333333333
0593.mid,7,4,7,6,7,8,1,4,6,7,7,8,5.833333333,6.166666667
0594.mid,6,4,4,4,6,5,3,3,4,2,3,3,4.333333333,3.5
0595.mid,3,3,6,4,3,5,6,3,3,2,6,3,4.5,3.333333333
0596.mid,6,6,7,6,6,6,6,7,6,7,7,7,6.333333333,6.5
0597.mid,6,4,4,4,4,7,2,3,6,3,6,4,4.666666667,4.166666667
0598.mid,7,7,6,7,7,7,2,4,7,8,6,8,5.833333333,6.833333333
0599.mid,4,2,4,1,4,4,6,3,2,3,5,3,4.166666667,2.666666667
0600.mid,4,6,5,0,4,7,6,7,4,7,5,4,4.666666667,5.166666667
0601.mid,8,7,7,7,4,6,4,7,7,8,3,4,5.5,6.5
0602.mid,4,4,6,4,4,5,6,4,6,2,7,6,5.5,4.166666667
0603.mid,6,8,7,7,7,7,4,7,8,6,8,7,6.666666667,7
0604.mid,8,7,6,3,6,5,7,6,8,3,7,6,7,5
0605.mid,6,8,4,7,3,6,6,6,3,9,3,7,4.166666667,7.166666667
0606.mid,6,7,6,3,4,4,6,4,8,3,6,3,6,4
0607.mid,2,2,5,2,3,5,4,3,8,3,2,3,4,3
0608.mid,3,4,5,1,3,4,4,2,2,3,4,4,3.5,3
0609.mid,8,7,7,7,7,7,4,8,7,8,7,7,6.666666667,7.333333333
0610.mid,4,8,5,8,4,7,4,9,5,8,7,9,4.833333333,8.166666667
0611.mid,6,4,6,3,5,4,7,4,4,6,3,4,5.166666667,4.166666667
0612.mid,8,6,6,3,6,4,7,3,8,3,6,7,6.833333333,4.333333333
0613.mid,3,7,4,8,3,6,4,6,5,9,6,7,4.166666667,7.166666667
0614.mid,2,2,5,3,3,4,6,1,5,8,3,3,4,3.5
0615.mid,8,6,6,4,6,5,7,6,8,3,7,5,7,4.833333333
0616.mid,2,2,4,3,3,4,4,2,5,8,3,3,3.5,3.666666667
0617.mid,6,8,7,5,3,6,5,6,8,3,4,8,5.5,6
0618.mid,4,4,5,2,3,5,4,1,4,8,3,7,3.833333333,4.5
0619.mid,3,3,5,1,3,5,3,3,3,6,4,4,3.5,3.666666667
0620.mid,6,3,5,3,2,4,4,2,8,3,6,3,5.166666667,3
0621.mid,6,3,6,3,4,5,6,3,8,2,3,4,5.5,3.333333333
0622.mid,4,8,4,8,2,7,3,8,4,8,3,7,3.333333333,7.666666667
0623.mid,7,3,6,2,6,4,6,3,8,3,3,3,6,3
0624.mid,4,8,7,9,3,8,6,8,7,8,2,8,4.833333333,8.166666667
0625.mid,7,6,7,7,6,5,4,7,8,6,6,6,6.333333333,6.166666667
0626.mid,2,2,3,2,2,4,4,1,2,3,1,2,2.333333333,2.333333333
0627.mid,8,7,6,4,6,6,7,4,8,3,7,6,7,5
0628.mid,4,6,6,7,5,5,6,6,7,8,6,8,5.666666667,6.666666667
0629.mid,8,6,7,6,6,6,7,6,8,6,7,7,7.166666667,6.166666667
0630.mid,6,3,4,2,4,4,3,3,8,3,3,3,4.666666667,3
0631.mid,7,7,7,5,6,5,7,6,8,6,7,5,7,5.666666667
0632.mid,2,2,5,4,3,6,6,2,5,8,5,5,4.333333333,4.5
0633.mid,1,2,3,3,3,5,3,2,2,6,2,3,2.333333333,3.5
0634.mid,8,7,6,4,7,5,6,7,8,6,8,5,7.166666667,5.666666667
0635.mid,8,7,7,7,7,6,7,6,8,6,5,7,7,6.5
0636.mid,7,4,5,3,4,5,6,4,8,3,6,4,6,3.833333333
0637.mid,3,3,5,1,3,3,4,1,5,3,4,3,4,2.333333333
0638.mid,7,8,6,7,7,6,4,7,7,8,6,6,6.166666667,7
0639.mid,2,4,4,4,4,5,6,3,5,8,5,4,4.333333333,4.666666667
0640.mid,4,8,4,8,4,7,6,8,7,8,6,9,5.166666667,8
0641.mid,3,7,6,4,4,5,4,4,4,6,3,7,4,5.5
0642.mid,3,3,3,3,3,4,6,3,8,3,7,3,5,3.166666667
0643.mid,2,2,3,8,3,6,3,2,4,9,3,7,3,5.666666667
0644.mid,6,7,6,2,6,5,6,3,8,6,4,4,6,4.5
0645.mid,2,3,5,3,4,4,4,3,8,3,6,4,4.833333333,3.333333333
0646.mid,6,3,6,4,3,5,7,3,8,8,3,4,5.5,4.5
0647.mid,6,8,5,2,3,5,6,2,8,3,4,7,5.333333333,4.5
0648.mid,8,6,8,8,6,6,6,7,8,8,3,8,6.5,7.166666667
0649.mid,6,3,5,2,6,5,7,6,8,3,3,5,5.833333333,4
0650.mid,4,7,6,3,4,5,4,6,3,9,7,6,4.666666667,6
0651.mid,4,8,4,7,3,7,3,7,3,6,1,2,3,6.166666667
0652.mid,3,7,5,7,3,7,4,6,7,8,2,7,4,7
0653.mid,7,4,5,3,6,5,3,3,8,3,3,4,5.333333333,3.666666667
0654.mid,7,4,6,3,6,6,3,6,8,3,7,6,6.166666667,4.666666667
0655.mid,7,3,6,5,6,6,4,4,8,6,7,6,6.333333333,5
0656.mid,7,6,7,6,4,6,4,3,7,8,9,6,6.333333333,5.833333333
0657.mid,2,2,3,3,3,5,6,1,8,3,3,2,4.166666667,2.666666667
0658.mid,6,3,6,2,4,5,7,3,7,3,2,3,5.333333333,3.166666667
0659.mid,7,3,5,4,3,5,6,2,8,2,4,3,5.5,3.166666667
0660.mid,7,8,6,7,7,7,6,8,7,8,8,7,6.833333333,7.5
0661.mid,7,7,6,3,6,4,6,7,7,8,6,5,6.333333333,5.666666667
0662.mid,4,8,3,8,3,8,4,7,3,9,6,9,3.833333333,8.166666667
0663.mid,6,4,5,4,4,5,6,4,8,6,4,4,5.5,4.5
0664.mid,7,6,6,2,3,5,4,3,8,3,3,4,5.166666667,3.833333333
0665.mid,7,8,6,9,3,7,6,7,7,8,4,6,5.5,7.5
0666.mid,2,2,2,7,2,5,3,1,5,8,2,4,2.666666667,4.5
0667.mid,1,2,3,3,3,6,3,2,2,3,3,5,2.5,3.5
0668.mid,4,5,6,2,6,4,4,2,8,2,6,3,5.666666667,3
0669.mid,2,2,4,3,2,3,3,2,4,8,3,5,3,3.833333333
0670.mid,7,9,4,4,3,7,4,7,7,8,4,7,4.833333333,7
0671.mid,4,7,5,2,3,6,4,3,3,8,3,8,3.666666667,5.666666667
0672.mid,7,3,3,3,3,4,3,3,8,3,3,4,4.5,3.333333333
0673.mid,4,6,5,3,3,5,4,4,8,3,5,5,4.833333333,4.333333333
0674.mid,4,4,6,3,4,4,4,2,2,6,6,7,4.333333333,4.333333333
0675.mid,8,8,7,8,6,7,6,8,8,8,7,8,7,7.833333333
0676.mid,6,3,6,3,6,5,6,3,8,3,3,4,5.833333333,3.5
0677.mid,2,2,3,3,2,6,4,2,2,3,2,2,2.5,3
0678.mid,2,2,5,3,3,4,6,2,8,3,2,2,4.333333333,2.666666667
0679.mid,7,4,5,3,6,5,4,4,8,6,6,3,6,4.166666667
0680.mid,4,4,5,3,4,5,3,3,8,3,5,6,4.833333333,4
0681.mid,3,2,3,3,3,4,3,2,2,3,2,3,2.666666667,2.833333333
0682.mid,6,8,7,7,7,7,6,8,7,8,8,8,6.833333333,7.666666667
0683.mid,4,6,5,2,3,4,4,2,5,3,3,1,4,3
0684.mid,7,2,5,3,3,5,3,3,2,4,2,6,3.666666667,3.833333333
0685.mid,6,8,7,8,4,7,6,7,7,8,7,6,6.166666667,7.333333333
0686.mid,8,7,6,3,4,5,6,4,8,6,6,6,6.333333333,5.166666667
0687.mid,2,4,2,8,3,4,4,3,5,8,3,3,3.166666667,5
0688.mid,3,6,5,2,3,6,6,3,6,6,4,6,4.5,4.833333333
0689.mid,4,6,5,1,3,4,6,2,8,3,6,4,5.333333333,3.333333333
0690.mid,3,6,6,4,3,7,3,3,5,8,4,6,4,5.666666667
0691.mid,2,3,4,7,3,4,3,3,3,8,3,3,3,4.666666667
0692.mid,4,6,6,1,6,6,4,2,8,3,6,6,5.666666667,4
0693.mid,2,2,6,1,3,4,6,2,8,3,5,5,5,2.833333333
0694.mid,4,8,4,8,4,8,4,7,4,8,7,7,4.5,7.666666667
0695.mid,7,6,6,3,6,5,6,4,8,6,5,5,6.333333333,4.833333333
0696.mid,7,4,6,3,3,5,7,4,8,3,6,4,6.166666667,3.833333333
0697.mid,4,7,6,8,3,7,6,8,8,8,5,6,5.333333333,7.333333333
0698.mid,4,6,6,2,3,4,7,3,8,3,7,6,5.833333333,4
0699.mid,6,8,4,7,3,6,4,6,7,8,2,7,4.333333333,7
0700.mid,8,8,6,3,4,6,6,8,8,6,6,6,6.333333333,6.166666667
0701.mid,8,7,8,7,4,6,6,7,7,8,5,7,6.333333333,7
0702.mid,2,2,4,4,3,5,3,4,4,3,3,3,3.166666667,3.5
0703.mid,4,7,7,7,3,7,6,8,5,8,6,7,5.166666667,7.333333333
0704.mid,2,2,6,1,6,5,6,2,3,6,5,3,4.666666667,3.166666667
0705.mid,8,7,6,2,6,6,7,4,8,6,6,6,6.833333333,5.166666667
0706.mid,7,3,6,3,6,4,3,3,8,3,3,3,5.5,3.166666667
0707.mid,2,4,6,4,6,6,6,6,8,6,6,6,5.666666667,5.333333333
0708.mid,2,2,4,4,3,5,3,3,4,3,3,3,3.166666667,3.333333333
0709.mid,8,8,6,8,7,7,4,7,8,6,6,6,6.5,7
0710.mid,7,3,7,7,6,6,6,7,8,6,7,8,6.833333333,6.166666667
0711.mid,2,2,3,3,3,4,4,3,2,3,6,2,3.333333333,2.833333333
0712.mid,2,2,4,3,3,6,6,3,8,3,5,3,4.666666667,3.333333333
0713.mid,7,6,6,3,2,6,3,6,8,6,8,7,5.666666667,5.666666667
0714.mid,4,7,7,6,7,6,7,7,7,8,6,7,6.333333333,6.833333333
0715.mid,6,2,6,2,4,4,7,2,8,2,2,1,5.5,2.166666667
0716.mid,6,8,6,9,3,7,6,8,8,8,8,9,6.166666667,8.166666667
0717.mid,2,2,6,2,3,4,4,2,3,6,6,3,4,3.166666667
0718.mid,6,2,3,3,6,4,6,3,2,3,6,4,4.833333333,3.166666667
0719.mid,6,3,5,3,6,5,7,3,8,3,3,4,5.833333333,3.5
0720.mid,6,4,5,3,3,5,6,2,8,3,3,2,5.166666667,3.166666667
0721.mid,8,7,5,3,6,7,6,7,8,6,3,7,6,6.166666667
0722.mid,2,2,4,2,3,6,3,2,4,4,3,3,3.166666667,3.166666667
0723.mid,8,7,7,4,4,7,6,7,7,8,7,7,6.5,6.666666667
0724.mid,2,3,3,2,2,4,4,2,8,3,3,2,3.666666667,2.666666667
0725.mid,7,4,6,3,6,5,6,6,8,2,6,7,6.5,4.5
0726.mid,8,6,7,5,6,6,6,7,8,6,8,7,7.166666667,6.166666667
0727.mid,2,2,4,4,3,5,4,2,5,8,3,2,3.5,3.833333333
0728.mid,7,2,4,3,3,5,6,2,8,3,2,2,5,2.833333333
0729.mid,8,7,6,4,4,5,4,7,8,6,7,7,6.166666667,6
0730.mid,8,6,6,3,3,5,4,3,8,3,7,5,6,4.166666667
0731.mid,7,6,6,2,6,6,6,3,8,2,7,6,6.666666667,4.166666667
0732.mid,3,4,4,4,3,6,4,4,4,3,6,6,4,4.5
0733.mid,7,8,6,5,7,7,7,6,8,6,9,8,7.333333333,6.666666667
0734.mid,3,7,5,4,3,7,4,7,4,8,3,6,3.666666667,6.5
0735.mid,4,7,6,3,4,6,6,6,8,3,5,4,5.5,4.833333333
0736.mid,2,2,2,7,3,3,3,3,4,6,3,3,2.833333333,4
0737.mid,2,7,3,8,3,7,4,7,3,6,3,6,3,6.833333333
0738.mid,2,2,3,2,2,3,4,2,8,3,5,2,4,2.333333333
0739.mid,6,4,6,3,6,5,4,3,8,6,6,5,6,4.333333333
0740.mid,3,2,4,2,3,4,6,2,8,3,3,2,4.5,2.5
0741.mid,8,7,7,6,7,7,6,7,8,6,7,7,7.166666667,6.666666667
0742.mid,3,7,7,7,3,6,4,7,8,6,6,6,5.166666667,6.5
0743.mid,2,6,5,7,3,7,3,4,5,9,2,8,3.333333333,6.833333333
0744.mid,6,8,7,3,3,7,4,6,8,6,3,7,5.166666667,6.166666667
0745.mid,7,3,3,2,3,4,6,3,2,3,3,2,4,2.833333333
0746.mid,7,9,6,8,4,8,6,8,7,8,5,7,5.833333333,8
0747.mid,7,6,5,3,3,6,6,6,8,6,4,3,5.5,5
0748.mid,2,2,4,3,3,6,4,4,3,7,4,3,3.333333333,4.166666667
0749.mid,8,6,6,3,7,6,6,4,8,6,6,6,6.833333333,5.166666667
0750.mid,8,4,6,3,6,5,6,4,8,3,7,6,6.833333333,4.166666667
0751.mid,3,7,7,6,5,6,6,7,8,6,5,4,5.666666667,6
0752.mid,6,7,7,7,4,6,7,6,8,6,6,6,6.333333333,6.333333333
0753.mid,7,6,5,8,3,7,4,7,7,8,6,6,5.333333333,7
0754.mid,8,7,6,2,6,6,7,7,8,6,7,7,7,5.833333333
0755.mid,3,7,3,7,3,7,3,7,3,8,3,6,3,7
0756.mid,8,6,7,2,7,5,7,4,8,3,6,4,7.166666667,4
0757.mid,7,6,6,3,6,6,4,6,8,3,6,4,6.166666667,4.666666667
0758.mid,4,7,4,6,4,5,6,6,8,3,4,5,5,5.333333333
0759.mid,6,8,6,3,6,5,6,7,8,6,6,6,6.333333333,5.833333333
0760.mid,6,3,4,2,3,4,2,2,8,2,6,3,4.833333333,2.666666667
0761.mid,8,7,5,7,6,6,4,6,8,6,6,7,6.166666667,6.5
0762.mid,7,3,4,2,3,3,3,2,2,4,2,2,3.5,2.666666667
0763.mid,7,8,6,8,3,7,4,8,7,8,6,6,5.5,7.5
0764.mid,4,8,3,8,2,7,3,7,3,6,3,6,3,7
0765.mid,7,4,7,6,6,6,7,7,8,6,7,6,7,5.833333333
0766.mid,2,2,3,2,2,3,2,2,8,3,6,2,3.833333333,2.333333333
0767.mid,2,3,5,3,3,4,7,4,8,6,5,5,5,4.166666667
0768.mid,2,4,4,3,3,4,3,3,3,8,3,3,3,4.166666667
0769.mid,8,7,6,7,7,6,7,7,8,6,6,6,7,6.5
0770.mid,2,2,3,3,3,3,3,2,8,3,2,2,3.5,2.5
0771.mid,8,7,7,7,7,6,3,4,8,8,5,7,6.333333333,6.5
0772.mid,7,4,6,3,5,6,3,3,8,6,6,5,5.833333333,4.5
0773.mid,6,8,6,2,3,7,3,6,8,3,6,5,5.333333333,5.166666667
0774.mid,6,4,5,3,4,4,3,3,8,3,3,4,4.833333333,3.5
0775.mid,6,8,6,2,7,7,7,6,8,6,6,5,6.666666667,5.666666667
0776.mid,4,6,4,4,3,6,3,4,2,3,3,5,3.166666667,4.666666667
0777.mid,2,4,4,6,4,6,3,4,5,8,3,4,3.5,5.333333333
0778.mid,7,6,6,3,3,6,3,2,8,7,6,3,5.5,4.5
0779.mid,4,8,6,8,7,6,7,8,7,8,6,7,6.166666667,7.5
0780.mid,2,2,4,4,3,5,3,4,3,8,4,3,3.166666667,4.333333333
0781.mid,2,4,4,5,3,6,4,6,5,8,6,4,4,5.5
0782.mid,6,7,6,3,3,5,6,3,8,3,7,6,6,4.5
0783.mid,6,9,5,8,2,7,7,8,7,8,6,7,5.5,7.833333333
0784.mid,8,6,5,3,3,4,7,6,8,6,7,5,6.333333333,5
0785.mid,8,7,6,8,2,7,4,7,7,8,3,7,5,7.333333333
0786.mid,6,4,6,3,3,6,3,3,8,3,5,3,5.166666667,3.666666667
0787.mid,3,4,5,2,3,5,3,2,8,3,3,3,4.166666667,3.166666667
0788.mid,3,7,4,2,4,6,2,2,3,6,6,4,3.666666667,4.5
0789.mid,2,3,6,3,2,6,3,3,8,6,5,5,4.333333333,4.333333333
0790.mid,6,4,6,7,6,6,7,8,8,3,6,5,6.5,5.5
0791.mid,8,7,6,4,4,7,7,6,8,6,7,6,6.666666667,6
0792.mid,6,4,4,7,3,5,3,4,2,4,3,4,3.5,4.666666667
0793.mid,3,4,5,3,4,4,3,3,8,3,2,2,4.166666667,3.166666667
0794.mid,4,7,5,3,3,6,6,4,3,8,2,6,3.833333333,5.666666667
0795.mid,6,3,6,3,4,5,7,6,8,3,7,6,6.333333333,4.333333333
0796.mid,2,3,4,2,3,5,3,3,2,3,6,3,3.333333333,3.166666667
0797.mid,8,7,6,3,5,6,8,8,8,6,6,6,6.833333333,6
0798.mid,2,2,3,1,2,4,3,4,4,6,4,4,3,3.5
0799.mid,7,4,6,2,3,5,2,3,8,6,3,2,4.833333333,3.666666667
0800.mid,8,7,5,4,6,6,3,4,8,6,6,7,6,5.666666667
0801.mid,2,3,4,3,4,5,3,3,6,3,3,2,3.666666667,3.166666667
0802.mid,7,4,5,2,6,6,3,2,8,3,5,4,5.666666667,3.5
0803.mid,7,6,6,5,7,6,8,7,8,6,7,6,7.166666667,6
0804.mid,6,4,5,3,3,5,3,3,2,4,3,4,3.666666667,3.833333333
0805.mid,2,2,4,3,3,6,3,3,4,3,2,3,3,3.333333333
0806.mid,7,8,7,7,4,7,8,7,8,6,7,6,6.833333333,6.833333333
0807.mid,3,6,6,6,3,6,6,4,8,6,4,6,5,5.666666667
0808.mid,7,4,6,3,5,5,7,3,8,3,4,4,6.166666667,3.666666667
0809.mid,3,7,6,2,3,7,3,7,5,8,3,4,3.833333333,5.833333333
0810.mid,8,7,3,2,6,7,7,8,8,6,7,7,6.5,6.166666667
0811.mid,8,7,6,7,7,7,4,8,8,6,7,8,6.666666667,7.166666667
0812.mid,2,5,6,8,3,4,3,3,8,3,6,3,4.666666667,4.333333333
0813.mid,2,2,5,2,3,5,3,3,3,9,6,3,3.666666667,4
0814.mid,7,8,4,3,6,7,4,6,8,6,6,6,5.833333333,6
0815.mid,3,7,5,4,3,6,7,7,4,8,6,7,4.666666667,6.5
0816.mid,6,4,5,7,4,6,6,4,8,3,7,5,6,4.833333333
0817.mid,1,2,6,3,2,6,6,3,2,4,2,3,3.166666667,3.5
0818.mid,3,6,3,2,5,5,7,8,8,3,3,4,4.833333333,4.666666667
0819.mid,6,4,5,2,6,5,7,3,8,6,3,4,5.833333333,4
0820.mid,2,2,6,2,3,6,3,3,8,3,2,3,4,3.166666667
0821.mid,6,8,6,7,6,6,4,7,8,3,7,7,6.166666667,6.333333333
0822.mid,3,7,6,3,7,5,6,4,7,8,5,6,5.666666667,5.5
0823.mid,6,3,6,3,6,5,4,3,8,3,4,3,5.666666667,3.333333333
0824.mid,7,6,5,3,4,5,7,3,8,6,6,4,6.166666667,4.5
0825.mid,6,3,6,2,3,5,6,2,8,3,5,3,5.666666667,3
0826.mid,2,3,5,1,3,6,4,4,4,6,4,4,3.666666667,4
0827.mid,8,8,8,7,7,7,7,8,8,6,5,6,7.166666667,7
0828.mid,8,8,7,6,6,5,7,7,8,6,7,6,7.166666667,6.333333333
0829.mid,6,8,6,2,6,4,6,3,8,2,3,4,5.833333333,3.833333333
0830.mid,3,6,6,3,6,6,3,6,5,8,6,7,4.833333333,6
0831.mid,2,2,4,2,5,4,3,2,8,3,5,2,4.5,2.5
0832.mid,1,2,4,2,4,4,4,3,2,4,3,3,3,3
0833.mid,3,3,5,3,6,5,7,4,8,2,4,3,5.5,3.333333333
0834.mid,8,8,7,5,7,6,7,7,7,8,7,6,7.166666667,6.666666667
0835.mid,6,4,6,7,3,7,7,7,8,6,6,6,6,6.166666667
0836.mid,2,2,5,1,2,4,6,3,8,3,4,3,4.5,2.666666667
0837.mid,8,7,6,6,4,7,3,7,8,8,4,6,5.5,6.833333333
0838.mid,7,8,6,7,4,7,7,8,8,8,7,7,6.5,7.5
0839.mid,3,3,5,2,3,3,4,4,8,3,3,4,4.333333333,3.166666667
0840.mid,2,2,3,4,2,4,3,3,3,9,3,2,2.666666667,4
0841.mid,6,8,7,7,6,7,7,6,7,8,7,6,6.666666667,7
0842.mid,8,6,6,3,6,6,7,4,8,3,6,5,6.833333333,4.5
0843.mid,2,3,3,3,3,6,3,4,2,4,3,4,2.666666667,4
0844.mid,6,4,5,3,6,5,3,3,8,2,4,3,5.333333333,3.333333333
0845.mid,4,8,4,8,3,7,3,8,3,6,5,7,3.666666667,7.333333333
0846.mid,6,3,2,3,3,5,3,4,5,8,4,3,3.833333333,4.333333333
0847.mid,2,3,3,2,3,4,3,3,8,3,4,3,3.833333333,3
0848.mid,6,2,5,2,6,4,3,2,8,2,4,3,5.333333333,2.5
0849.mid,7,6,7,3,6,6,7,7,8,6,7,6,7,5.666666667
0850.mid,6,4,6,2,7,6,6,3,8,3,6,3,6.5,3.5
0851.mid,3,7,7,5,5,6,7,7,8,6,7,6,6.166666667,6.166666667
0852.mid,6,4,6,3,4,6,7,3,8,6,3,4,5.666666667,4.333333333
0853.mid,6,7,7,7,6,6,7,8,8,3,6,7,6.666666667,6.333333333
0854.mid,2,3,5,4,6,4,6,4,7,8,3,2,4.833333333,4.166666667
0855.mid,2,2,3,3,2,3,2,2,2,3,2,1,2.166666667,2.333333333
0856.mid,6,8,5,8,6,7,3,8,7,8,6,8,5.5,7.833333333
0857.mid,7,3,4,3,3,5,4,4,8,2,6,3,5.333333333,3.333333333
0858.mid,8,7,7,6,5,6,4,7,8,6,6,6,6.333333333,6.333333333
0859.mid,7,6,6,3,6,4,3,4,7,8,3,3,5.333333333,4.666666667
0860.mid,4,3,4,3,3,4,3,3,2,3,2,2,3,3
0861.mid,6,8,6,6,3,7,7,7,4,8,7,8,5.5,7.333333333
0862.mid,4,8,5,7,2,7,3,7,4,6,6,7,4,7
0863.mid,2,2,3,7,2,6,3,3,2,4,3,4,2.5,4.333333333
0864.mid,6,3,6,3,7,6,7,3,8,3,6,3,6.666666667,3.5
0865.mid,8,8,8,7,7,8,7,8,8,6,8,8,7.666666667,7.5
0866.mid,3,6,3,4,2,6,4,3,4,8,4,3,3.333333333,5
0867.mid,6,7,5,4,3,7,3,6,7,8,7,6,5.166666667,6.333333333
0868.mid,2,3,3,3,2,4,3,3,2,6,4,4,2.666666667,3.833333333
0869.mid,8,8,7,7,6,7,8,7,7,8,7,8,7.166666667,7.5
0870.mid,2,3,5,3,2,4,3,3,8,3,3,3,3.833333333,3.166666667
0871.mid,4,8,4,7,2,8,3,7,3,9,6,8,3.666666667,7.833333333
0872.mid,6,3,4,2,3,4,1,1,2,3,1,2,2.833333333,2.5
0873.mid,6,4,4,3,3,6,3,3,8,3,3,5,4.5,4
0874.mid,3,4,3,3,4,7,3,2,2,3,5,6,3.333333333,4.166666667
0875.mid,2,3,6,4,7,7,4,6,8,3,6,6,5.5,4.833333333
0876.mid,4,6,6,3,6,7,6,4,7,8,6,7,5.833333333,5.833333333
0877.mid,6,3,4,3,4,4,3,3,5,9,3,3,4.166666667,4.166666667
0878.mid,6,8,6,4,6,7,8,7,8,6,8,5,7,6.166666667
0879.mid,8,7,7,6,6,6,7,7,8,6,7,7,7.166666667,6.5
0880.mid,2,3,2,2,2,3,3,3,2,5,2,1,2.166666667,2.833333333
0881.mid,7,6,5,3,3,3,3,3,8,3,3,6,4.833333333,4
0882.mid,6,9,6,8,3,6,2,8,4,8,5,9,4.333333333,8
0883.mid,7,8,6,2,3,5,3,7,8,3,4,5,5.166666667,5
0884.mid,2,3,4,4,3,4,4,3,2,3,2,3,2.833333333,3.333333333
0885.mid,8,6,6,3,3,5,4,6,8,3,6,6,5.833333333,4.833333333
0886.mid,4,8,6,7,3,7,3,8,8,6,3,6,4.5,7
0887.mid,7,4,3,2,2,5,2,2,8,3,2,2,4,3
0888.mid,6,8,6,8,8,8,3,8,7,8,7,7,6.166666667,7.833333333
0889.mid,3,3,4,3,5,4,3,3,8,3,3,2,4.333333333,3
0890.mid,8,7,5,9,2,8,3,8,7,8,7,8,5.333333333,8
0891.mid,2,3,4,2,3,3,2,2,8,3,6,1,4.166666667,2.333333333
0892.mid,4,8,5,7,3,6,7,7,3,6,5,7,4.5,6.833333333
0893.mid,6,3,6,2,2,3,2,2,2,3,5,2,3.833333333,2.5
0894.mid,3,7,6,3,3,5,6,3,8,3,6,6,5.333333333,4.5
0895.mid,7,4,6,3,6,4,6,3,8,3,6,5,6.5,3.666666667
0896.mid,6,9,3,7,3,7,3,7,4,6,6,7,4.166666667,7.166666667
0897.mid,1,2,2,3,3,5,2,2,2,4,2,2,2,3
0898.mid,3,3,4,2,2,2,2,2,8,3,1,2,3.333333333,2.333333333
0899.mid,8,7,6,6,7,7,7,7,8,6,8,8,7.333333333,6.833333333
0900.mid,3,4,2,6,3,6,3,8,2,6,4,6,2.833333333,6
0901.mid,6,4,5,3,4,6,6,3,2,4,8,3,5.166666667,3.833333333
0902.mid,7,2,6,2,2,2,6,2,8,3,6,2,5.833333333,2.166666667
0903.mid,6,8,6,6,7,6,7,6,8,6,8,9,7,6.833333333
0904.mid,4,6,6,1,3,5,7,6,8,3,6,4,5.666666667,4.166666667
0905.mid,8,7,7,6,7,7,7,3,8,6,6,7,7.166666667,6
0906.mid,6,4,5,2,3,3,6,3,8,3,8,2,6,2.833333333
0907.mid,6,4,5,3,5,4,4,4,8,3,3,6,5.166666667,4
0908.mid,8,6,6,3,7,7,4,6,8,2,4,8,6.166666667,5.333333333
0909.mid,3,8,5,3,3,7,6,3,3,8,6,8,4.333333333,6.166666667
0910.mid,4,8,5,1,3,6,4,6,6,6,3,9,4.166666667,6
0911.mid,6,4,4,2,4,5,3,3,8,2,6,4,5.166666667,3.333333333
0912.mid,6,8,5,3,5,3,6,3,5,9,3,2,5,4.666666667
0913.mid,8,6,6,3,3,7,7,7,8,2,6,8,6.333333333,5.5
0914.mid,4,8,6,3,6,7,6,3,8,6,6,3,6,5
0915.mid,4,4,5,2,3,5,6,2,8,6,2,3,4.666666667,3.666666667
0916.mid,2,2,2,3,3,3,3,2,5,8,2,1,2.833333333,3.166666667
0917.mid,8,7,7,6,7,7,7,6,8,6,8,6,7.5,6.333333333
0918.mid,6,3,6,2,3,3,7,7,8,3,7,2,6.166666667,3.333333333
0919.mid,2,2,3,2,2,2,6,2,4,3,1,3,3,2.333333333
0920.mid,2,3,3,2,3,2,6,2,6,3,6,1,4.333333333,2.166666667
0921.mid,4,6,4,3,7,7,7,7,8,7,8,6,6.333333333,6
0922.mid,4,8,6,9,7,8,3,8,8,8,3,8,5.166666667,8.166666667
0923.mid,3,6,5,8,7,7,2,8,5,9,4,9,4.333333333,7.833333333
0924.mid,6,8,7,7,7,8,4,6,7,8,3,8,5.666666667,7.5
0925.mid,3,3,5,4,6,4,4,3,2,6,2,3,3.666666667,3.833333333
0926.mid,7,8,7,9,7,8,3,7,8,6,8,6,6.666666667,7.333333333
0927.mid,4,6,6,3,6,4,3,3,2,3,4,9,4.166666667,4.666666667
0928.mid,7,6,7,7,7,7,7,7,7,8,7,8,7,7.166666667
0929.mid,8,7,7,2,7,6,6,3,8,6,6,9,7,5.5
0930.mid,2,2,5,3,3,5,4,4,2,3,4,6,3.333333333,3.833333333
0931.mid,4,7,5,3,6,7,6,4,8,3,6,8,5.833333333,5.333333333
0932.mid,7,8,8,4,7,7,7,7,8,6,9,7,7.666666667,6.5
0933.mid,8,7,7,6,8,8,8,7,8,6,8,7,7.833333333,6.833333333
0934.mid,6,4,6,3,7,7,3,2,4,6,4,7,5,4.833333333
0935.mid,4,6,6,6,7,7,3,4,6,3,3,8,4.833333333,5.666666667
0936.mid,8,7,7,8,7,8,7,7,8,6,6,8,7.166666667,7.333333333
0937.mid,6,3,4,3,3,5,6,3,4,6,8,2,5.166666667,3.666666667
0938.mid,3,4,5,4,3,6,6,4,4,8,3,7,4,5.5
0939.mid,7,4,6,3,4,5,8,6,8,3,6,4,6.5,4.166666667
0940.mid,2,2,4,2,3,3,4,3,3,3,1,2,2.833333333,2.5
0941.mid,2,5,4,1,3,4,6,7,4,4,2,6,3.5,4.5
0942.mid,8,7,7,4,6,7,8,7,8,6,7,8,7.333333333,6.5
0943.mid,6,8,7,8,8,8,8,8,7,8,8,8,7.333333333,8
0944.mid,8,8,7,6,8,7,6,8,8,6,9,6,7.666666667,6.833333333
0945.mid,6,8,4,7,3,7,6,8,5,9,3,6,4.5,7.5
0946.mid,2,3,4,5,3,6,6,3,4,8,2,3,3.5,4.666666667
0947.mid,2,2,3,3,4,5,3,4,4,4,2,4,3,3.666666667
0948.mid,7,8,6,8,7,8,7,9,8,8,6,9,6.833333333,8.333333333
0949.mid,8,8,8,6,7,7,8,8,8,6,8,7,7.833333333,7
0950.mid,6,3,5,3,3,4,2,2,8,3,7,4,5.166666667,3.166666667
0951.mid,7,6,6,7,7,7,7,8,8,6,2,7,6.166666667,6.833333333
0952.mid,7,4,6,3,6,5,4,4,8,3,3,4,5.666666667,3.833333333
0953.mid,3,7,6,7,7,7,4,8,3,6,4,8,4.5,7.166666667
0954.mid,6,4,5,3,6,6,6,7,3,8,3,5,4.833333333,5.5
0955.mid,2,2,5,2,6,3,7,4,2,4,6,2,4.666666667,2.833333333
0956.mid,7,6,7,5,4,6,6,8,8,6,4,6,6,6.166666667
0957.mid,2,4,6,3,3,3,7,6,8,6,4,3,5,4.166666667
0958.mid,3,3,7,4,6,6,6,7,8,5,3,7,5.5,5.333333333
0959.mid,7,4,6,4,6,5,6,4,8,3,6,4,6.5,4
0960.mid,2,2,3,3,3,3,3,4,5,8,3,7,3.166666667,4.5
0961.mid,7,6,6,4,4,6,3,4,7,6,4,7,5.166666667,5.5
0962.mid,7,4,6,3,3,6,6,3,8,5,4,5,5.666666667,4.333333333
0963.mid,3,7,6,3,6,5,6,4,8,6,6,3,5.833333333,4.666666667
0964.mid,2,2,4,4,3,5,3,3,4,8,2,6,3,4.666666667
0965.mid,2,1,5,2,5,5,4,2,8,3,2,2,4.333333333,2.5
0966.mid,7,3,6,2,6,6,7,3,8,3,1,2,5.833333333,3.166666667
0967.mid,8,6,6,3,7,7,8,7,8,6,6,2,7.166666667,5.166666667
0968.mid,4,8,6,3,3,7,6,8,4,9,6,6,4.833333333,6.833333333
0969.mid,6,8,5,3,3,7,4,4,7,8,7,8,5.333333333,6.333333333
0970.mid,6,4,6,3,4,6,6,3,4,9,4,7,5,5.333333333
0971.mid,4,6,4,3,3,6,2,4,3,5,4,5,3.333333333,4.833333333
0972.mid,4,8,4,7,6,7,6,7,3,6,7,8,5,7.166666667
0973.mid,6,4,6,3,4,6,7,6,7,6,7,4,6.166666667,4.833333333
0974.mid,7,4,6,3,4,6,3,3,8,6,3,7,5.166666667,4.833333333
0975.mid,8,6,6,5,6,7,6,8,8,6,3,6,6.166666667,6.333333333
0976.mid,3,7,6,3,4,7,6,4,7,8,3,7,4.833333333,6
0977.mid,6,8,6,3,3,8,6,8,8,6,8,8,6.166666667,6.833333333
0978.mid,2,3,6,3,4,6,3,3,8,3,6,4,4.833333333,3.666666667
0979.mid,8,7,6,3,6,7,8,7,8,6,6,8,7,6.333333333
0980.mid,7,8,7,6,7,8,7,9,7,8,8,8,7.166666667,7.833333333
0981.mid,8,9,8,7,8,8,8,9,8,8,9,7,8.166666667,8
0982.mid,2,2,6,1,4,6,6,3,3,8,3,7,4,4.5
0983.mid,4,6,5,4,3,7,3,4,4,6,2,8,3.5,5.833333333
0984.mid,2,2,3,3,3,3,2,1,5,8,6,2,3.5,3.166666667
0985.mid,6,3,4,3,3,6,6,9,8,6,3,6,5,5.5
0986.mid,6,8,5,7,3,8,7,8,3,9,8,7,5.333333333,7.833333333
0987.mid,6,8,7,6,7,8,6,8,8,6,7,9,6.833333333,7.5
0988.mid,6,3,5,2,3,4,6,4,8,3,1,3,4.833333333,3.166666667
0989.mid,3,6,5,4,3,8,3,4,3,6,4,8,3.5,6
0990.mid,7,4,6,4,7,7,6,3,6,5,6,3,6.333333333,4.333333333
0991.mid,2,2,5,2,3,3,2,2,8,3,1,1,3.5,2.166666667
0992.mid,2,2,4,3,3,6,2,3,2,6,5,4,3,4
0993.mid,4,6,5,3,4,7,3,4,5,6,6,7,4.5,5.5
0994.mid,6,4,6,3,6,6,7,4,4,7,3,7,5.333333333,5.166666667
0995.mid,7,6,7,6,7,7,2,4,7,6,4,8,5.666666667,6.166666667
0996.mid,7,6,7,4,8,7,7,6,8,6,7,9,7.333333333,6.333333333
0997.mid,7,8,6,5,7,8,4,7,7,8,9,9,6.666666667,7.5
0998.mid,8,8,7,7,8,8,7,8,7,8,5,8,7,7.833333333
0999.mid,4,6,6,6,7,7,4,4,8,6,6,7,5.833333333,6
1000.mid,2,4,5,3,4,6,7,6,6,6,3,3,4.5,4.666666667
1001.mid,2,6,2,7,3,5,4,7,4,6,2,3,2.833333333,5.666666667
1002.mid,6,4,3,4,7,7,3,4,2,5,3,3,4,4.5
1003.mid,8,8,7,7,7,8,6,8,7,8,7,3,7,7
1004.mid,2,2,3,3,3,3,6,3,2,3,1,2,2.833333333,2.666666667
1005.mid,2,3,4,3,3,6,7,4,6,6,6,2,4.666666667,4
1006.mid,6,2,2,2,3,3,3,4,2,5,4,2,3.333333333,3
1007.mid,2,2,4,4,3,5,3,3,8,5,4,7,4,4.333333333
1008.mid,7,6,6,3,7,6,7,6,8,2,7,4,7,4.5
1009.mid,3,6,3,3,4,5,3,7,3,8,3,8,3.166666667,6.166666667
1010.mid,3,7,6,6,7,7,6,7,4,6,9,6,5.833333333,6.5
1011.mid,4,2,6,6,7,7,3,8,5,7,3,6,4.666666667,6
1012.mid,6,3,5,3,6,5,4,3,8,3,2,4,5.166666667,3.5
1013.mid,7,3,4,3,6,4,3,3,8,3,3,4,5.166666667,3.333333333
1014.mid,8,6,7,6,6,7,6,8,8,6,8,9,7.166666667,7
1015.mid,7,4,6,3,6,5,7,6,8,3,4,6,6.333333333,4.5
1016.mid,3,7,6,4,4,6,4,4,8,6,6,9,5.166666667,6
1017.mid,7,3,6,3,6,4,7,3,8,3,4,6,6.333333333,3.666666667
1018.mid,4,6,4,4,6,6,3,3,2,4,3,8,3.666666667,5.166666667
1019.mid,4,8,5,4,3,7,6,7,3,8,2,9,3.833333333,7.166666667
1020.mid,6,3,6,3,6,4,7,4,8,2,8,4,6.833333333,3.333333333
1021.mid,7,6,6,3,7,6,6,3,8,3,7,3,6.833333333,4
1022.mid,7,7,6,8,7,8,6,7,8,6,9,7,7.166666667,7.166666667
1023.mid,7,3,5,2,4,4,7,4,8,3,3,2,5.666666667,3
1024.mid,2,3,5,3,4,4,7,3,8,3,3,6,4.833333333,3.666666667
1025.mid,2,2,4,3,4,6,3,2,4,3,8,6,4.166666667,3.666666667
1026.mid,7,6,6,4,7,7,7,7,7,8,6,8,6.666666667,6.666666667
1027.mid,6,8,6,3,8,7,6,8,8,6,9,6,7.166666667,6.333333333
1028.mid,4,7,4,7,7,8,3,7,4,6,4,8,4.333333333,7.166666667
1029.mid,4,8,5,4,7,8,6,7,7,8,6,8,5.833333333,7.166666667
1030.mid,8,6,6,7,7,7,6,8,8,6,6,9,6.833333333,7.166666667
1031.mid,7,6,6,6,7,7,8,7,3,6,8,6,6.5,6.333333333
1032.mid,6,4,7,3,4,6,8,6,8,6,4,6,6.166666667,5.166666667
1033.mid,2,2,5,3,5,4,3,3,2,6,3,6,3.333333333,4
1034.mid,3,3,4,2,3,7,6,3,2,3,2,3,3.333333333,3.5
1035.mid,6,8,6,8,7,8,7,8,8,6,6,8,6.666666667,7.666666667
1036.mid,6,3,5,3,6,6,6,3,8,3,4,3,5.833333333,3.5
1037.mid,8,9,7,9,7,7,8,9,7,8,7,9,7.333333333,8.5
1038.mid,2,3,4,3,7,7,3,4,8,3,6,3,5,3.833333333
1039.mid,6,8,5,8,6,8,6,9,5,8,6,8,5.666666667,8.166666667
1040.mid,8,8,7,7,8,7,8,8,7,8,9,6,7.833333333,7.333333333
1041.mid,3,7,4,7,3,7,3,4,7,8,7,9,4.5,7
1042.mid,7,4,5,3,6,7,7,4,8,3,8,4,6.833333333,4.166666667
1043.mid,4,8,6,9,7,9,4,8,7,8,3,9,5.166666667,8.5
1044.mid,6,3,5,2,4,4,4,3,2,4,2,3,3.833333333,3.166666667
1045.mid,8,7,6,3,6,7,6,7,8,6,4,6,6.333333333,6
1046.mid,8,6,7,6,7,8,3,4,8,3,8,4,6.833333333,5.166666667
1047.mid,6,3,4,3,6,5,3,2,2,3,3,2,4,3
1048.mid,4,6,5,1,3,7,4,8,4,6,2,6,3.666666667,5.666666667
1049.mid,4,6,4,2,3,3,3,4,8,3,3,3,4.166666667,3.5
1050.mid,2,2,4,2,2,3,3,3,6,3,2,2,3.166666667,2.5
1051.mid,3,7,5,3,4,6,3,4,7,3,7,8,4.833333333,5.166666667
1052.mid,3,2,4,3,3,4,4,3,8,3,7,4,4.833333333,3.166666667
1053.mid,4,7,6,4,7,7,6,7,7,8,9,7,6.5,6.666666667
1054.mid,7,3,6,3,3,4,3,4,6,6,3,6,4.666666667,4.333333333
1055.mid,3,6,5,4,6,6,6,7,8,6,3,6,5.166666667,5.833333333
1056.mid,2,2,5,1,4,6,3,4,8,3,7,2,4.833333333,3
1057.mid,6,8,6,2,2,7,7,8,6,6,9,5,6,6
1058.mid,6,4,6,3,6,4,8,6,8,6,9,6,7.166666667,4.833333333
1059.mid,1,2,5,3,6,5,2,3,6,6,7,3,4.5,3.666666667
1060.mid,7,6,6,2,7,6,3,7,8,6,8,6,6.5,5.5
1061.mid,8,7,7,7,7,7,8,8,7,8,4,9,6.833333333,7.666666667
1062.mid,2,4,4,3,6,4,3,4,5,9,6,3,4.333333333,4.5
1063.mid,7,3,5,3,6,7,7,3,8,3,4,8,6.166666667,4.5
1064.mid,2,4,3,3,6,4,4,3,8,3,6,3,4.833333333,3.333333333
1065.mid,8,7,6,7,7,8,6,4,8,6,3,9,6.333333333,6.833333333
1066.mid,2,2,4,2,3,3,3,4,3,3,5,3,3.333333333,2.833333333
1067.mid,2,2,5,3,5,6,4,3,2,4,3,4,3.5,3.666666667
1068.mid,2,1,4,3,3,4,6,2,4,4,3,6,3.666666667,3.333333333
1069.mid,4,7,4,8,8,8,6,8,3,6,9,9,5.666666667,7.666666667
1070.mid,3,8,7,3,4,6,8,7,8,6,6,8,6,6.333333333
1071.mid,2,2,3,6,4,5,3,2,2,3,6,2,3.333333333,3.333333333
1072.mid,7,4,6,4,7,7,7,4,8,2,9,5,7.333333333,4.333333333
1073.mid,6,8,6,9,3,7,4,8,7,8,8,9,5.666666667,8.166666667
1074.mid,6,8,6,2,3,7,6,4,8,2,7,2,6,4.166666667
1075.mid,3,8,6,4,7,7,7,8,8,6,8,4,6.5,6.166666667
1076.mid,8,6,6,4,7,6,8,6,8,6,4,6,6.833333333,5.666666667
1077.mid,6,3,6,3,3,4,7,4,4,4,2,2,4.666666667,3.333333333
1078.mid,3,3,5,3,3,4,6,3,8,3,4,8,4.833333333,4
1079.mid,8,8,7,7,8,8,3,4,8,6,9,9,7.166666667,7
1080.mid,4,8,4,6,4,7,3,8,5,9,7,8,4.5,7.666666667
1081.mid,2,2,3,3,4,6,4,2,2,3,3,7,3,3.833333333
1082.mid,8,6,7,8,8,7,8,7,8,6,6,8,7.5,7
1083.mid,4,8,6,8,8,8,3,9,7,8,9,8,6.166666667,8.166666667
1084.mid,6,4,6,2,6,4,4,4,8,3,6,2,6,3.166666667
1085.mid,2,3,6,3,7,7,7,4,8,2,3,7,5.5,4.333333333
1086.mid,8,7,6,4,4,7,7,7,8,6,3,6,6,6.166666667
1087.mid,3,2,4,2,2,2,6,3,8,3,3,2,4.333333333,2.333333333
1088.mid,1,3,2,6,3,6,2,1,2,3,2,9,2,4.666666667
1089.mid,4,6,5,3,3,5,6,4,8,3,6,9,5.333333333,5
1090.mid,8,6,7,8,8,8,8,7,7,8,9,9,7.833333333,7.666666667
1091.mid,6,3,4,3,2,3,6,3,2,3,7,5,4.5,3.333333333
1092.mid,6,8,6,3,7,6,7,8,8,6,9,8,7.166666667,6.5
1093.mid,7,4,5,3,5,3,3,4,8,3,2,3,5,3.333333333
1094.mid,8,6,6,4,7,7,6,6,8,7,3,9,6.333333333,6.5
1095.mid,4,8,6,3,8,8,7,6,8,5,9,8,7,6.333333333
1096.mid,3,7,7,6,7,7,7,8,8,6,3,8,5.833333333,7
1097.mid,6,3,6,1,4,4,8,6,8,3,4,6,6,3.833333333
1098.mid,8,8,6,8,7,8,7,7,8,6,6,8,7,7.5
1099.mid,4,7,5,7,7,7,3,4,7,6,4,9,5,6.666666667
1100.mid,6,3,6,2,3,6,4,4,8,6,3,7,5,4.666666667
1101.mid,3,8,6,4,6,7,3,7,4,8,4,8,4.333333333,7
1102.mid,7,6,6,3,4,7,6,6,3,6,6,6,5.333333333,5.666666667
1103.mid,8,6,7,3,3,7,7,6,8,3,7,7,6.666666667,5.333333333
1104.mid,2,2,2,6,4,7,3,3,2,6,3,3,2.666666667,4.5
1105.mid,4,7,6,2,3,7,6,2,8,7,3,8,5,5.5
1106.mid,8,6,5,3,4,5,6,6,7,8,4,7,5.666666667,5.833333333
1107.mid,8,7,6,3,4,6,6,6,8,6,8,8,6.666666667,6
1108.mid,6,3,5,3,6,4,3,4,2,4,2,4,4,3.666666667
1109.mid,3,3,5,3,3,3,1,2,8,4,3,4,3.833333333,3.166666667
1110.mid,3,6,6,3,6,7,6,6,8,6,6,7,5.833333333,5.833333333
1111.mid,2,2,5,3,3,4,4,3,8,3,6,4,4.666666667,3.166666667
1112.mid,2,1,3,3,2,3,3,1,2,3,3,2,2.5,2.166666667
1113.mid,2,2,4,2,4,3,6,1,5,3,4,2,4.166666667,2.166666667
1114.mid,8,8,6,2,3,7,7,7,8,6,7,8,6.5,6.333333333
1115.mid,6,4,6,4,6,6,7,6,8,8,4,9,6.166666667,6.166666667
1116.mid,4,7,6,3,6,7,6,8,8,6,9,8,6.5,6.5
1117.mid,2,3,5,3,4,5,4,3,8,6,4,4,4.5,4
1118.mid,2,2,3,3,3,3,4,2,4,6,3,2,3.166666667,3
1119.mid,4,4,4,3,7,6,3,4,8,3,3,4,4.833333333,4
1120.mid,7,3,5,3,6,4,3,3,4,3,6,4,5.166666667,3.333333333
1121.mid,7,4,5,3,6,4,6,3,8,2,4,6,6,3.666666667
1122.mid,7,8,7,6,7,8,4,7,7,8,7,9,6.5,7.666666667
1123.mid,6,8,8,8,8,8,7,8,8,7,9,8,7.666666667,7.833333333
1124.mid,2,2,2,2,3,2,3,1,8,3,1,3,3.166666667,2.166666667
1125.mid,2,3,4,3,3,4,6,2,5,3,7,9,4.5,4
1126.mid,6,8,4,7,7,8,6,7,8,6,4,8,5.833333333,7.333333333
1127.mid,6,4,5,3,6,7,4,6,8,6,9,7,6.333333333,5.5
1128.mid,6,9,5,7,2,8,4,8,7,8,7,4,5.166666667,7.333333333
1129.mid,8,7,7,7,7,7,7,8,7,8,3,8,6.5,7.5
1130.mid,6,4,5,3,4,3,7,4,8,3,2,3,5.333333333,3.333333333
1131.mid,2,2,4,3,3,3,4,1,8,3,3,1,4,2.166666667
1132.mid,4,8,6,9,8,7,6,8,7,8,4,9,5.833333333,8.166666667
1133.mid,4,7,7,8,3,3,6,8,8,8,7,8,5.833333333,7
1134.mid,3,6,5,3,4,6,4,6,5,8,3,8,4,6.166666667
1135.mid,6,3,5,3,4,3,3,4,2,4,6,8,4.333333333,4.166666667
1136.mid,6,4,6,8,2,3,3,3,8,3,4,4,4.833333333,4.166666667
1137.mid,3,7,6,7,3,7,3,6,5,8,8,8,4.666666667,7.166666667
1138.mid,7,6,5,2,4,6,3,4,8,3,6,7,5.5,4.666666667
1139.mid,4,6,6,3,6,4,6,6,8,3,3,7,5.5,4.833333333
1140.mid,4,3,5,3,3,5,4,4,2,6,2,4,3.333333333,4.166666667
1141.mid,8,7,7,6,7,6,6,7,8,6,8,7,7.333333333,6.5
1142.mid,6,8,7,7,7,7,7,7,8,7,4,7,6.5,7.166666667
1143.mid,6,4,6,3,4,4,6,4,8,2,3,4,5.5,3.5
1144.mid,8,6,6,2,3,2,4,4,8,3,6,6,5.833333333,3.833333333
1145.mid,2,3,2,7,4,6,3,4,4,8,3,7,3,5.833333333
1146.mid,7,3,6,2,3,4,7,3,8,3,7,2,6.333333333,2.833333333
1147.mid,4,4,6,3,6,5,4,4,4,3,6,6,5,4.166666667
1148.mid,4,8,5,7,7,7,4,6,7,3,6,9,5.5,6.666666667
1149.mid,6,9,6,8,4,7,6,8,7,8,3,9,5.333333333,8.166666667
1150.mid,8,8,6,4,6,7,6,7,8,6,8,7,7,6.5
1151.mid,3,4,4,5,3,4,3,4,2,4,3,5,3,4.333333333
1152.mid,4,7,5,3,4,6,6,6,5,9,6,8,5,6.5
1153.mid,7,4,6,3,3,3,6,2,8,3,8,7,6.333333333,3.666666667
1154.mid,3,7,6,4,4,4,6,6,4,9,6,8,4.833333333,6.333333333
1155.mid,7,4,6,3,6,4,4,4,8,6,7,4,6.333333333,4.166666667
1156.mid,2,2,4,2,2,2,3,1,2,4,2,2,2.5,2.166666667
1157.mid,4,3,4,3,4,4,4,2,8,2,6,7,5,3.5
1158.mid,3,6,6,5,7,7,6,7,7,8,4,8,5.5,6.833333333
1159.mid,6,4,4,7,3,6,3,6,8,5,4,7,4.666666667,5.833333333
1160.mid,7,4,6,6,4,5,6,6,3,8,7,6,5.5,5.833333333
1161.mid,7,3,6,2,3,4,6,4,4,8,3,4,4.833333333,4.166666667
1162.mid,2,2,5,3,4,4,3,2,6,3,2,2,3.666666667,2.666666667
1163.mid,6,8,7,8,7,7,6,4,4,6,7,9,6.166666667,7
1164.mid,8,8,8,6,7,7,8,7,8,6,9,8,8,7
1165.mid,6,8,7,7,3,8,4,8,7,8,3,9,5,8
1166.mid,3,6,6,3,4,7,6,7,8,3,4,7,5.166666667,5.5
1167.mid,4,6,6,4,3,5,7,7,7,8,4,7,5.166666667,6.166666667
1168.mid,4,6,6,2,4,6,4,4,3,6,3,7,4,5.166666667
1169.mid,6,7,6,6,7,7,4,6,8,6,5,8,6,6.666666667
1170.mid,3,6,5,3,4,4,3,4,2,4,2,3,3.166666667,4
1171.mid,3,2,5,2,3,3,2,2,8,3,7,4,4.666666667,2.666666667
1172.mid,3,7,6,7,3,7,6,7,7,8,7,8,5.333333333,7.333333333
1173.mid,4,6,6,3,6,4,4,6,8,3,4,8,5.333333333,5
1174.mid,8,7,7,7,3,7,7,8,7,8,7,9,6.5,7.666666667
1175.mid,6,8,7,6,3,7,4,7,7,8,3,5,5,6.833333333
1176.mid,4,6,6,1,3,4,4,2,5,3,5,6,4.5,3.666666667
1177.mid,2,2,5,2,3,3,4,2,8,3,7,5,4.833333333,2.833333333
1178.mid,3,7,5,3,3,7,2,7,4,8,3,8,3.333333333,6.666666667
1179.mid,6,3,4,4,6,4,3,4,6,3,4,4,4.833333333,3.666666667
1180.mid,2,2,3,3,3,3,6,1,4,3,3,5,3.5,2.833333333
1181.mid,2,2,3,4,3,5,4,3,6,2,6,6,4,3.666666667
1182.mid,6,3,4,3,2,4,3,2,4,3,7,2,4.333333333,2.833333333
1183.mid,6,8,7,6,4,7,4,8,7,8,6,9,5.666666667,7.666666667
1184.mid,3,8,2,7,3,6,4,6,5,9,2,8,3.166666667,7.333333333
1185.mid,8,7,7,7,7,6,7,7,8,6,7,8,7.333333333,6.833333333
1186.mid,4,4,5,1,4,3,4,2,5,6,5,6,4.5,3.666666667
1187.mid,3,7,6,4,6,5,3,7,8,6,2,8,4.666666667,6.166666667
1188.mid,6,3,4,3,4,3,4,4,2,5,3,4,3.833333333,3.666666667
1189.mid,6,4,6,2,3,3,4,3,8,3,6,4,5.5,3.166666667
1190.mid,6,7,6,3,7,8,4,4,8,6,6,7,6.166666667,5.833333333
1191.mid,3,2,4,3,3,4,3,2,2,3,2,3,2.833333333,2.833333333
1192.mid,7,4,5,3,6,5,3,4,7,7,6,7,5.666666667,5
1193.mid,2,3,2,7,3,5,4,2,4,8,3,6,3,5.166666667
1194.mid,7,7,6,3,6,7,4,4,8,6,8,8,6.5,5.833333333
1195.mid,4,4,2,4,4,5,3,3,2,3,3,3,3,3.666666667
1196.mid,7,4,4,3,3,4,6,3,8,6,6,4,5.666666667,4
1197.mid,4,6,5,5,4,6,4,4,3,6,3,7,3.833333333,5.666666667
1198.mid,2,3,3,3,3,4,3,2,6,6,4,6,3.5,4
1199.mid,6,8,6,7,3,6,6,7,4,6,3,8,4.666666667,7
1200.mid,8,8,6,8,3,7,6,8,7,8,7,9,6.166666667,8
1201.mid,7,5,5,1,3,4,6,2,5,2,8,6,5.666666667,3.333333333
1202.mid,8,7,7,6,7,7,6,7,7,7,7,8,7,7
1203.mid,8,6,6,3,6,6,7,6,6,4,7,7,6.666666667,5.333333333
1204.mid,3,4,5,3,3,5,4,3,5,3,3,3,3.833333333,3.5
1205.mid,2,4,4,2,3,2,3,3,4,3,3,7,3.166666667,3.5
1206.mid,6,9,7,9,3,8,4,9,4,8,6,9,5,8.666666667
1207.mid,4,8,7,6,6,7,6,7,4,7,6,8,5.5,7.166666667
1208.mid,3,2,5,1,3,6,6,1,5,2,7,2,4.833333333,2.333333333
1209.mid,8,6,8,7,7,7,7,6,6,7,6,8,7,6.833333333
1210.mid,3,4,4,4,3,3,3,3,3,1,3,7,3.166666667,3.666666667
1211.mid,7,7,6,2,3,4,7,3,7,6,8,7,6.333333333,4.833333333
1212.mid,8,6,7,5,6,6,6,7,6,4,7,9,6.666666667,6.166666667
1213.mid,6,7,6,7,7,6,4,7,2,6,7,8,5.333333333,6.833333333
1214.mid,3,6,6,2,3,2,6,3,3,4,3,6,4,3.833333333
1215.mid,4,8,6,3,3,6,6,6,6,6,6,6,5.166666667,5.833333333
1216.mid,7,6,5,3,4,6,6,4,6,4,3,8,5.166666667,5.166666667
1217.mid,8,6,6,3,3,4,6,2,4,2,7,7,5.666666667,4
1218.mid,6,8,6,2,2,7,7,6,7,8,8,8,6,6.5
1219.mid,6,3,6,3,3,4,4,3,6,3,4,3,4.833333333,3.166666667
1220.mid,3,7,6,2,2,7,3,6,4,8,2,8,3.333333333,6.333333333
1221.mid,4,7,5,3,4,5,4,4,5,3,3,6,4.166666667,4.666666667
1222.mid,2,2,3,3,3,3,4,1,4,6,4,6,3.333333333,3.5
1223.mid,2,3,6,3,3,5,3,3,4,3,2,4,3.333333333,3.5
1224.mid,6,8,5,8,2,8,4,8,4,8,4,9,4.166666667,8.166666667
1225.mid,8,7,6,6,3,6,7,6,7,4,7,6,6.333333333,5.833333333
1226.mid,2,3,3,4,4,3,6,3,5,2,3,5,3.833333333,3.333333333
1227.mid,3,3,5,3,5,4,4,3,6,4,6,2,4.833333333,3.166666667
1228.mid,6,8,7,8,6,7,7,7,6,7,7,8,6.5,7.5
1229.mid,3,6,6,8,7,7,6,7,2,4,3,7,4.5,6.5
1230.mid,6,3,4,2,3,2,3,2,2,3,2,2,3.333333333,2.333333333
1231.mid,7,7,6,3,4,6,4,4,7,5,7,7,5.833333333,5.333333333
1232.mid,6,8,7,6,6,7,4,7,6,7,7,9,6,7.333333333
1233.mid,7,4,4,4,6,4,6,4,7,3,3,4,5.5,3.833333333
1234.mid,8,8,7,8,6,7,7,8,7,7,9,8,7.333333333,7.666666667
1235.mid,4,6,6,4,5,4,4,6,4,7,4,7,4.5,5.666666667
1236.mid,3,3,5,3,2,3,3,3,4,5,6,4,3.833333333,3.5
1237.mid,4,4,3,2,3,2,3,3,2,3,2,7,2.833333333,3.5
1238.mid,4,8,6,3,7,7,4,6,6,7,6,9,5.5,6.666666667
1239.mid,8,8,6,6,7,7,6,8,6,8,7,8,6.666666667,7.5
1240.mid,6,8,7,7,7,8,6,9,8,8,8,9,7,8.166666667
1241.mid,4,7,6,4,6,7,6,7,8,7,3,8,5.5,6.666666667
1242.mid,3,7,6,2,3,7,3,3,4,6,2,7,3.5,5.333333333
1243.mid,4,7,6,2,3,6,6,6,6,5,6,7,5.166666667,5.5
1244.mid,7,3,5,2,3,3,3,3,7,3,7,2,5.333333333,2.666666667
1245.mid,3,4,5,3,4,6,6,3,7,6,8,3,5.5,4.166666667
1246.mid,2,6,5,1,3,6,4,1,5,3,7,5,4.333333333,3.666666667
1247.mid,6,3,4,2,3,2,3,2,4,3,8,4,4.666666667,2.666666667
1248.mid,2,3,4,3,5,4,2,4,1,3,2,4,2.666666667,3.5
1249.mid,4,7,6,4,7,8,6,7,7,8,8,8,6.333333333,7
1250.mid,7,9,7,9,8,8,6,9,8,9,6,9,7,8.833333333
1251.mid,8,6,7,7,4,6,6,6,4,7,8,7,6.166666667,6.5
1252.mid,2,3,5,3,4,3,6,4,6,3,4,4,4.5,3.333333333
1253.mid,3,4,6,2,3,4,7,6,8,3,7,7,5.666666667,4.333333333
1254.mid,8,8,6,3,2,8,8,6,7,9,8,9,6.5,7.166666667
1255.mid,2,4,5,1,3,6,4,2,5,3,3,7,3.666666667,3.833333333
1256.mid,6,8,6,7,6,7,4,7,3,5,4,8,4.833333333,7
1257.mid,2,2,3,3,3,4,3,2,2,3,4,5,2.833333333,3.166666667
1258.mid,4,8,5,5,3,7,7,8,4,8,3,9,4.333333333,7.5
1259.mid,6,3,5,2,3,3,7,4,7,4,6,6,5.666666667,3.666666667
1260.mid,3,7,5,3,6,5,6,6,6,7,3,8,4.833333333,6
1261.mid,7,4,4,3,6,4,3,4,2,4,1,4,3.833333333,3.833333333
1262.mid,4,9,4,7,3,7,4,7,4,8,4,8,3.833333333,7.666666667
1263.mid,2,2,6,1,3,6,4,2,4,4,4,7,3.833333333,3.666666667
1264.mid,8,6,6,7,6,4,6,6,7,5,7,8,6.666666667,6
1265.mid,8,8,7,7,7,7,6,8,7,7,8,9,7.166666667,7.666666667
1266.mid,3,2,3,2,2,2,2,2,2,3,2,2,2.333333333,2.166666667
1267.mid,3,7,6,3,3,7,2,4,2,4,8,9,4,5.666666667
1268.mid,6,3,4,2,4,6,6,2,7,4,7,3,5.666666667,3.333333333
1269.mid,7,6,6,3,3,6,6,3,3,4,8,5,5.5,4.5
1270.mid,8,8,6,7,6,7,8,7,6,7,7,8,6.833333333,7.333333333
1271.mid,3,3,4,4,2,4,3,3,3,2,2,4,2.833333333,3.333333333
1272.mid,2,2,3,3,3,3,6,2,3,4,3,3,3.333333333,2.833333333
1273.mid,7,3,5,3,6,3,3,3,5,4,6,2,5.333333333,3
1274.mid,8,6,4,6,4,5,4,6,7,7,6,7,5.5,6.166666667
1275.mid,2,3,4,4,3,6,4,4,5,2,7,4,4.166666667,3.833333333
1276.mid,3,8,6,2,3,7,4,6,4,8,7,8,4.5,6.5
1277.mid,3,6,5,4,4,6,6,4,3,6,3,7,4,5.5
1278.mid,3,2,3,2,3,3,2,2,2,2,3,3,2.666666667,2.333333333
1279.mid,7,3,5,2,3,4,6,2,6,4,7,2,5.666666667,2.833333333
1280.mid,3,4,4,4,4,4,3,3,5,3,4,6,3.833333333,4
1281.mid,4,6,5,1,3,6,4,4,3,6,4,6,3.833333333,4.833333333
1282.mid,8,8,6,8,7,7,3,7,7,7,4,9,5.833333333,7.666666667
1283.mid,6,3,6,2,3,2,6,3,8,2,7,4,6,2.666666667
1284.mid,8,8,7,6,7,7,8,8,7,7,7,9,7.333333333,7.5
1285.mid,4,6,6,3,3,6,7,3,3,2,6,4,4.833333333,4
1286.mid,6,3,5,3,5,4,7,4,6,2,6,3,5.833333333,3.166666667
1287.mid,7,6,6,3,4,6,7,4,6,6,8,7,6.333333333,5.333333333
1288.mid,6,3,5,2,6,3,3,3,6,1,2,3,4.666666667,2.5
1289.mid,8,5,5,4,7,6,4,4,6,6,3,6,5.5,5.166666667
1290.mid,6,7,6,8,7,7,7,7,7,8,6,8,6.5,7.5
1291.mid,4,8,4,7,3,6,4,7,6,8,4,7,4.166666667,7.166666667
1292.mid,3,3,3,2,2,3,6,3,2,1,3,1,3.166666667,2.166666667
1293.mid,8,6,7,6,7,6,7,3,9,6,8,5,7.666666667,5.333333333
1294.mid,7,4,4,3,6,4,6,3,6,3,7,4,6,3.5
1295.mid,3,7,5,4,3,6,4,4,5,2,4,8,4,5.166666667
1296.mid,8,6,7,5,6,7,7,6,6,7,7,7,6.833333333,6.333333333
1297.mid,4,6,6,3,5,4,7,4,6,6,8,4,6,4.5
1298.mid,8,6,6,4,7,7,6,6,8,7,7,8,7,6.333333333
1299.mid,6,4,6,3,4,5,7,7,8,4,4,4,5.833333333,4.5
1300.mid,4,4,5,1,4,6,7,3,9,4,7,2,6,3.333333333
1301.mid,3,8,3,8,2,8,8,7,3,9,3,9,3.666666667,8.166666667
1302.mid,6,8,5,7,7,8,8,8,6,9,6,9,6.333333333,8.166666667
1303.mid,7,6,6,2,7,6,7,3,7,4,7,6,6.833333333,4.5
1304.mid,8,7,6,3,3,6,4,7,7,8,7,8,5.833333333,6.5
1305.mid,4,4,6,3,5,3,6,3,6,7,4,7,5.166666667,4.5
1306.mid,3,3,5,4,3,6,3,3,3,6,4,7,3.5,4.833333333
1307.mid,6,4,6,2,3,2,2,2,3,5,6,4,4.333333333,3.166666667
1308.mid,8,6,6,3,6,4,7,6,6,4,4,4,6.166666667,4.5
1309.mid,4,2,2,3,2,3,3,4,3,2,3,2,2.833333333,2.666666667
1310.mid,7,4,4,3,3,3,3,3,7,3,6,5,5,3.5
1311.mid,4,8,5,5,3,8,2,8,6,8,7,8,4.5,7.5
1312.mid,2,2,4,3,3,4,3,3,6,3,3,5,3.5,3.333333333
1313.mid,8,6,7,5,7,7,7,6,8,7,8,7,7.5,6.333333333
1314.mid,8,6,4,4,3,7,3,7,4,7,7,8,4.833333333,6.5
1315.mid,7,4,4,3,4,6,6,3,8,6,8,5,6.166666667,4.5
1316.mid,6,9,6,8,7,8,3,8,4,7,7,8,5.5,8
1317.mid,7,4,6,3,5,5,4,6,8,4,4,6,5.666666667,4.666666667
1318.mid,3,3,3,2,2,5,6,2,3,3,7,2,4,2.833333333
1319.mid,2,2,3,3,3,4,3,3,1,2,3,2,2.5,2.666666667
1320.mid,7,4,6,2,6,5,6,2,7,7,7,4,6.5,4
1321.mid,8,6,6,5,3,7,4,3,8,7,6,7,5.833333333,5.833333333
1322.mid,8,7,7,3,3,5,3,3,8,7,7,7,6,5.333333333
1323.mid,3,6,6,4,5,4,3,7,7,7,4,8,4.666666667,6
1324.mid,6,4,6,3,3,5,3,7,3,4,8,7,4.833333333,5
1325.mid,4,8,4,4,4,7,3,4,4,9,2,8,3.5,6.666666667
1326.mid,3,3,4,3,3,4,3,3,2,4,4,4,3.166666667,3.5
1327.mid,3,6,4,3,3,7,2,2,3,7,6,8,3.5,5.5
1328.mid,6,8,6,3,6,5,7,7,8,4,7,8,6.666666667,5.833333333
1329.mid,3,3,5,3,3,4,6,3,6,2,8,6,5.166666667,3.5
1330.mid,8,8,8,7,7,7,3,7,8,9,7,9,6.833333333,7.833333333
1331.mid,3,2,4,3,3,5,3,3,3,3,6,4,3.666666667,3.333333333
1332.mid,8,6,7,6,6,7,7,7,7,8,8,9,7.166666667,7.166666667
1333.mid,4,8,6,7,4,7,4,7,8,8,7,9,5.5,7.666666667
1334.mid,6,3,6,3,3,5,6,4,2,2,2,4,4.166666667,3.5
1335.mid,6,3,6,5,3,5,4,7,7,2,7,2,5.5,4
1336.mid,7,6,6,3,6,6,6,4,6,7,7,8,6.333333333,5.666666667
1337.mid,3,2,3,2,2,4,2,2,3,2,4,3,2.833333333,2.5
1338.mid,8,8,8,7,6,7,8,8,6,9,6,8,7,7.833333333
1339.mid,2,3,4,2,4,5,6,2,2,2,2,4,3.333333333,3
1340.mid,3,7,7,7,3,6,4,6,6,7,6,8,4.833333333,6.833333333
1341.mid,6,4,6,3,6,5,4,4,8,4,7,6,6.166666667,4.333333333
1342.mid,7,3,4,4,3,6,4,3,3,3,6,3,4.5,3.666666667
1343.mid,7,4,6,3,4,6,3,7,7,7,7,8,5.666666667,5.833333333
1344.mid,7,4,6,2,4,5,6,3,9,3,8,6,6.666666667,3.833333333
1345.mid,7,4,5,2,4,6,3,3,7,4,7,4,5.5,3.833333333
1346.mid,4,6,2,7,3,7,3,7,3,7,3,7,3,6.833333333
1347.mid,4,6,6,3,6,5,6,3,6,7,7,6,5.833333333,5
1348.mid,3,3,3,4,2,6,3,7,2,4,3,3,2.666666667,4.5
1349.mid,2,3,3,2,2,4,3,2,6,2,2,2,3,2.5
1350.mid,8,7,6,2,6,6,7,4,9,7,8,7,7.333333333,5.5
1351.mid,3,4,3,3,3,5,7,4,7,2,4,6,4.5,4
1352.mid,4,8,6,6,3,7,7,7,4,8,7,8,5.166666667,7.333333333
1353.mid,4,4,6,1,3,6,4,4,4,5,4,6,4.166666667,4.333333333
1354.mid,2,3,2,4,3,7,3,8,3,7,4,6,2.833333333,5.833333333
1355.mid,4,6,3,1,3,6,6,3,7,4,4,6,4.5,4.333333333
1356.mid,6,4,4,3,3,6,3,3,2,3,4,6,3.666666667,4.166666667
1357.mid,6,3,3,3,3,5,3,3,3,4,4,5,3.666666667,3.833333333
1358.mid,3,6,4,3,3,6,6,3,4,5,4,5,4,4.666666667
1359.mid,4,8,5,6,2,8,3,8,3,9,3,9,3.333333333,8
1360.mid,3,8,4,4,3,7,3,6,3,8,4,8,3.333333333,6.833333333
1361.mid,3,3,3,3,3,6,3,3,3,2,4,6,3.166666667,3.833333333
1362.mid,3,6,5,1,3,6,3,4,7,3,5,6,4.333333333,4.333333333
1363.mid,2,2,5,3,3,5,4,3,3,3,4,6,3.5,3.666666667
1364.mid,8,7,6,8,3,7,4,6,7,8,6,8,5.666666667,7.333333333
1365.mid,8,8,6,3,6,6,6,2,9,4,4,7,6.5,5
1366.mid,3,6,3,2,4,4,3,3,4,3,3,6,3.333333333,4
1367.mid,6,3,4,3,6,4,3,2,6,3,3,5,4.666666667,3.333333333
1368.mid,8,7,7,5,4,6,7,7,7,4,5,6,6.333333333,5.833333333
1369.mid,8,8,7,6,6,6,8,7,7,8,8,7,7.333333333,7
1370.mid,2,2,3,2,2,4,2,2,3,5,3,5,2.5,3.333333333
1371.mid,7,4,5,3,6,5,3,3,6,6,5,5,5.333333333,4.333333333
1372.mid,8,8,8,7,7,8,4,6,8,9,7,6,7,7.333333333
1373.mid,3,7,6,4,4,6,4,6,4,7,5,7,4.333333333,6.166666667
1374.mid,8,7,7,8,7,7,3,7,7,9,7,7,6.5,7.5
1375.mid,3,2,4,2,3,3,4,3,4,3,5,6,3.833333333,3.166666667
1376.mid,7,6,5,4,6,5,4,4,6,7,7,6,5.833333333,5.333333333
1377.mid,8,7,7,7,7,7,4,7,7,7,8,7,6.833333333,7
1378.mid,4,6,5,3,3,5,6,3,3,4,4,6,4.166666667,4.5
1379.mid,7,4,5,2,4,6,6,3,8,3,6,6,6,4
1380.mid,3,3,5,1,3,5,4,4,1,2,6,5,3.666666667,3.333333333
1381.mid,2,3,4,4,3,6,3,7,2,3,4,5,3,4.666666667
1382.mid,4,8,5,4,6,6,4,6,6,7,6,7,5.166666667,6.333333333
1383.mid,6,9,6,4,7,8,3,7,7,8,6,8,5.833333333,7.333333333
1384.mid,8,8,6,4,6,6,4,4,4,8,4,8,5.333333333,6.333333333
1385.mid,8,6,6,3,7,6,7,7,9,3,7,6,7.333333333,5.166666667
1386.mid,8,6,5,7,6,7,4,7,3,7,7,7,5.5,6.833333333
1387.mid,4,7,4,7,3,6,3,8,4,7,4,6,3.666666667,6.833333333
1388.mid,7,3,4,3,3,5,3,3,6,2,5,5,4.666666667,3.5
1389.mid,6,3,4,2,3,5,3,3,7,6,4,5,4.5,4
1390.mid,4,8,4,7,3,7,2,8,3,7,4,8,3.333333333,7.5
1391.mid,6,8,6,4,7,6,3,7,7,8,8,8,6.166666667,6.833333333
1392.mid,4,4,5,3,4,6,4,4,8,4,5,6,5,4.5
1393.mid,8,6,7,7,6,6,8,8,6,7,8,7,7.166666667,6.833333333
1394.mid,8,6,5,3,6,6,8,7,7,5,8,7,7,5.666666667
1395.mid,4,6,4,3,3,5,4,3,4,3,5,6,4,4.333333333
1396.mid,6,3,5,1,3,4,3,3,4,4,5,6,4.333333333,3.5
1397.mid,6,2,4,3,6,5,3,4,8,3,5,6,5.333333333,3.833333333
1398.mid,3,4,5,3,3,6,6,3,3,2,4,6,4,4
1399.mid,8,7,7,8,4,6,3,7,8,6,6,8,6,7
1400.mid,6,3,5,2,4,6,4,3,3,4,2,4,4,3.666666667
1401.mid,7,3,4,2,3,4,6,3,1,2,6,4,4.5,3
1402.mid,8,6,6,5,4,5,3,7,8,8,7,7,6,6.333333333
1403.mid,3,6,5,4,5,5,4,4,7,7,5,7,4.833333333,5.5
1404.mid,4,8,5,1,6,5,6,7,6,8,8,8,5.833333333,6.166666667
1405.mid,3,4,6,3,6,5,6,3,9,3,8,6,6.333333333,4
1406.mid,3,3,5,3,4,5,3,3,2,4,7,6,4,4
1407.mid,6,4,6,3,6,5,4,6,6,4,4,6,5.333333333,4.666666667
1408.mid,8,8,7,5,7,6,7,7,7,8,7,8,7.166666667,7
1409.mid,6,3,5,3,5,5,3,3,8,3,7,4,5.666666667,3.5
1410.mid,4,4,6,3,6,5,6,3,7,7,7,6,6,4.666666667
1411.mid,6,2,5,2,4,5,6,3,7,2,4,4,5.333333333,3
1412.mid,7,7,5,1,5,5,6,3,2,4,3,4,4.666666667,4
1413.mid,6,4,4,3,3,5,3,3,6,6,4,4,4.333333333,4.166666667
1414.mid,8,6,5,3,7,5,4,3,7,6,6,4,6.166666667,4.5
1415.mid,3,3,2,4,3,7,3,8,5,3,4,6,3.333333333,5.166666667
1416.mid,2,2,3,2,3,4,3,3,7,3,4,4,3.666666667,3
1417.mid,4,7,3,7,7,7,3,7,4,7,4,6,4.166666667,6.833333333
1418.mid,8,6,5,3,4,5,7,7,4,6,4,6,5.333333333,5.5
1419.mid,6,8,6,5,6,5,7,6,7,3,4,7,6,5.666666667
1420.mid,7,3,6,3,4,6,7,6,7,6,7,6,6.333333333,5
1421.mid,8,6,6,2,4,4,6,2,6,6,7,7,6.166666667,4.5
1422.mid,6,3,4,3,4,6,3,3,3,3,6,5,4.333333333,3.833333333
1423.mid,6,4,6,4,6,5,4,3,6,6,7,6,5.833333333,4.666666667
1424.mid,4,8,5,3,3,7,4,4,4,8,7,8,4.5,6.333333333
1425.mid,7,9,7,9,7,8,3,8,7,9,6,8,6.166666667,8.5
1426.mid,3,8,6,3,3,6,7,7,6,6,5,7,5,6.166666667
1427.mid,7,4,5,3,6,6,7,7,7,6,5,7,6.166666667,5.5
1428.mid,3,3,4,1,4,4,6,3,8,6,5,4,5,3.5
1429.mid,6,8,7,7,7,7,8,8,7,7,7,8,7,7.5
1430.mid,3,3,4,4,3,5,4,6,4,5,4,6,3.666666667,4.833333333
1431.mid,6,3,4,3,6,5,6,3,6,6,5,4,5.5,4
1432.mid,8,8,7,7,7,6,7,7,8,5,6,6,7.166666667,6.5
1433.mid,8,6,5,3,3,6,7,7,7,6,6,6,6,5.666666667
1434.mid,3,3,4,4,3,7,4,3,4,7,4,4,3.666666667,4.666666667
1435.mid,4,8,5,3,3,6,4,7,4,8,4,6,4,6.333333333
1436.mid,6,9,6,8,7,7,7,8,6,9,4,7,6,8
1437.mid,3,7,5,7,3,7,3,4,4,9,4,7,3.666666667,6.833333333
1438.mid,3,8,7,6,3,7,4,4,4,8,7,7,4.666666667,6.666666667
1439.mid,7,3,6,3,7,5,6,3,9,4,5,5,6.666666667,3.833333333
1440.mid,7,4,7,5,7,6,6,6,8,4,7,6,7,5.166666667
1441.mid,2,3,3,3,3,5,4,3,2,2,4,3,3,3.166666667
1442.mid,4,8,6,8,3,7,6,8,3,8,3,8,4.166666667,7.833333333
1443.mid,4,4,5,1,5,5,8,6,6,6,3,4,5.166666667,4.333333333
1444.mid,6,3,6,3,7,6,8,7,8,4,6,4,6.833333333,4.5
1445.mid,7,3,4,2,6,4,7,4,6,3,5,4,5.833333333,3.333333333
1446.mid,7,8,5,8,3,8,3,7,7,9,4,6,4.833333333,7.666666667
1447.mid,6,4,5,3,6,5,7,4,3,4,6,4,5.5,4
1448.mid,6,9,6,8,3,7,4,9,3,9,3,8,4.166666667,8.333333333
1449.mid,8,7,7,6,6,6,7,8,7,8,7,6,7,6.833333333
1450.mid,3,3,4,3,3,6,6,4,3,3,4,6,3.833333333,4.166666667
1451.mid,8,7,6,3,6,6,7,7,2,6,6,7,5.833333333,6
1452.mid,8,6,6,2,7,7,3,4,6,8,5,7,5.833333333,5.666666667
1453.mid,8,7,7,7,7,7,3,4,6,7,6,7,6.166666667,6.5
1454.mid,3,3,4,3,3,6,4,2,2,2,4,4,3.333333333,3.333333333
1455.mid,7,9,8,7,7,8,6,8,8,6,4,8,6.666666667,7.666666667
1456.mid,4,4,4,3,3,6,3,3,2,1,4,5,3.333333333,3.666666667
1457.mid,6,3,3,2,2,6,3,2,4,2,4,4,3.666666667,3.166666667
1458.mid,3,3,6,2,3,5,4,4,2,3,4,6,3.666666667,3.833333333
1459.mid,6,3,5,3,3,5,7,4,8,6,6,4,5.833333333,4.166666667
1460.mid,7,8,7,6,3,7,6,8,7,8,6,8,6,7.5
1461.mid,4,8,5,3,3,7,4,7,2,9,5,8,3.833333333,7
1462.mid,6,4,6,2,6,6,6,6,6,4,6,8,6,5
1463.mid,4,6,5,1,3,6,3,4,3,5,3,4,3.5,4.333333333
1464.mid,3,3,4,3,3,5,4,4,3,2,3,4,3.333333333,3.5
1465.mid,7,4,5,3,4,6,7,6,8,4,5,6,6,4.833333333
1466.mid,3,7,6,4,3,7,6,8,7,7,4,6,4.833333333,6.5
1467.mid,8,6,6,3,6,6,7,4,6,6,6,6,6.5,5.166666667
1468.mid,6,3,4,2,3,4,6,2,6,3,4,5,4.833333333,3.166666667
1469.mid,8,6,7,6,6,6,8,8,6,8,6,8,6.833333333,7
1470.mid,4,7,5,1,3,4,6,7,6,3,4,7,4.666666667,4.833333333
1471.mid,3,6,6,2,3,6,4,4,2,3,4,7,3.666666667,4.666666667
1472.mid,6,8,6,7,3,8,2,4,3,6,4,8,4,6.833333333
1473.mid,8,7,6,3,5,6,8,8,7,8,6,8,6.666666667,6.666666667
1474.mid,6,4,5,2,4,7,3,4,8,3,6,5,5.333333333,4.166666667
1475.mid,6,3,6,2,5,5,6,7,7,3,6,6,6,4.333333333
1476.mid,2,3,5,2,4,6,3,3,6,1,7,5,4.5,3.333333333
1477.mid,7,3,6,3,6,6,3,4,8,6,7,7,6.166666667,4.833333333
1478.mid,3,7,4,3,3,6,3,3,4,6,4,6,3.5,5.166666667
1479.mid,7,4,5,4,4,6,4,3,6,3,4,6,5,4.333333333
1480.mid,6,4,5,3,4,6,6,6,7,4,4,7,5.333333333,5
1481.mid,3,3,5,2,4,5,3,2,9,2,5,6,4.833333333,3.333333333
1482.mid,7,6,6,4,3,6,7,7,7,7,7,6,6.166666667,6
1483.mid,7,6,6,3,6,6,8,7,7,7,4,6,6.333333333,5.833333333
1484.mid,3,7,4,3,3,5,7,6,4,4,7,7,4.666666667,5.333333333
1485.mid,6,9,7,8,7,7,4,8,7,9,6,8,6.166666667,8.166666667
1486.mid,3,3,3,2,3,5,3,3,2,1,3,4,2.833333333,3
1487.mid,4,8,7,6,3,8,3,7,3,6,6,5,4.333333333,6.666666667
1488.mid,3,3,4,3,3,7,4,3,3,1,4,4,3.5,3.5
1489.mid,6,3,5,1,6,4,6,6,7,3,4,5,5.666666667,3.666666667
1490.mid,6,8,6,1,4,6,6,7,8,8,6,7,6,6.166666667
1491.mid,6,3,5,2,3,4,3,3,2,5,4,6,3.833333333,3.833333333
1492.mid,6,4,4,3,3,5,6,3,8,3,4,6,5.166666667,4
1493.mid,4,4,4,3,4,6,3,4,3,4,4,7,3.666666667,4.666666667
1494.mid,7,3,5,3,6,6,7,3,6,6,6,7,6.166666667,4.666666667
1495.mid,2,2,3,2,2,4,6,2,2,1,4,4,3.166666667,2.5
1496.mid,6,8,5,3,3,7,6,8,8,9,6,9,5.666666667,7.333333333
1497.mid,3,3,6,2,3,6,4,4,6,6,6,7,4.666666667,4.666666667
1498.mid,8,8,8,7,7,8,8,8,8,9,7,9,7.666666667,8.166666667
1499.mid,8,7,8,6,7,7,9,7,9,7,8,8,8.166666667,7
1500.mid,8,6,7,3,6,6,7,7,8,4,6,7,7,5.5
1501.mid,3,4,6,2,3,5,6,6,4,4,4,6,4.333333333,4.5
1502.mid,6,4,6,3,6,5,7,6,7,6,4,6,6,5
1503.mid,2,2,5,2,3,5,3,2,4,6,4,6,3.5,3.833333333
1504.mid,7,4,7,6,6,5,3,4,3,5,4,6,5,5
1505.mid,8,8,7,8,7,8,6,8,8,8,7,9,7.166666667,8.166666667
1506.mid,7,3,5,2,4,5,7,4,9,3,4,6,6,3.833333333
1507.mid,3,3,4,3,3,6,3,4,6,3,4,6,3.833333333,4.166666667
1508.mid,8,7,7,7,7,8,8,8,6,8,8,7,7.333333333,7.5
1509.mid,3,6,5,3,4,5,6,7,6,2,7,7,5.166666667,5
1510.mid,3,2,6,4,3,6,6,7,6,7,2,7,4.333333333,5.5
1511.mid,4,4,5,4,3,6,7,8,8,3,5,7,5.333333333,5.333333333
1512.mid,3,7,6,3,4,6,2,4,7,3,4,7,4.333333333,5
1513.mid,2,2,3,2,3,4,3,3,2,1,4,4,2.833333333,2.666666667
1514.mid,4,7,6,6,3,6,7,7,3,5,2,6,4.166666667,6.166666667
1515.mid,6,4,6,3,6,5,7,4,6,6,4,6,5.833333333,4.666666667
1516.mid,2,3,4,3,3,5,2,4,3,8,4,6,3,4.833333333
1517.mid,8,6,6,2,6,6,7,8,6,7,6,7,6.5,6
1518.mid,6,2,5,1,3,5,6,6,2,3,4,6,4.333333333,3.833333333
1519.mid,7,4,6,3,6,5,8,7,7,6,8,6,7,5.166666667
1520.mid,2,2,6,2,3,4,6,3,8,2,5,6,5,3.166666667
1521.mid,8,8,6,6,4,6,3,7,6,4,6,7,5.5,6.333333333
1522.mid,2,4,5,3,3,6,3,3,2,3,4,4,3.166666667,3.833333333
1523.mid,3,3,4,3,4,6,2,3,3,2,5,6,3.5,3.833333333
1524.mid,6,9,7,8,3,7,3,8,4,8,4,8,4.5,8
1525.mid,4,8,6,2,3,7,6,8,8,4,3,7,5,6
1526.mid,8,6,6,3,6,6,8,7,8,6,5,7,6.833333333,5.833333333
1527.mid,6,3,4,3,6,6,4,4,6,2,4,6,5,4
1528.mid,8,6,6,3,6,6,8,7,6,6,4,5,6.333333333,5.5
1529.mid,6,3,3,2,3,3,7,6,2,4,4,6,4.166666667,4
1530.mid,2,2,4,3,3,5,7,4,1,2,4,5,3.5,3.5
1531.mid,7,9,8,7,7,7,8,9,8,9,4,7,7,8
1532.mid,8,9,6,7,6,7,4,8,7,9,3,7,5.666666667,7.833333333
1533.mid,3,6,4,4,3,6,2,4,4,7,3,6,3.166666667,5.5
1534.mid,6,3,7,5,5,6,6,3,7,3,6,5,6.166666667,4.166666667
1535.mid,3,3,5,2,3,5,6,4,3,4,6,6,4.333333333,4
1536.mid,4,4,6,3,2,7,3,4,4,7,4,5,3.833333333,5
1537.mid,7,4,5,3,3,5,6,6,6,2,4,6,5.166666667,4.333333333
1538.mid,3,7,6,4,4,6,7,7,4,6,3,6,4.5,6
1539.mid,7,4,6,3,6,6,8,7,7,7,7,6,6.833333333,5.5
1540.mid,8,8,7,9,7,7,3,7,6,7,3,4,5.666666667,7
1541.mid,6,7,7,8,3,7,2,4,7,7,5,4,5,6.166666667
1542.mid,7,4,5,2,2,6,8,7,3,4,6,5,5.166666667,4.666666667
1543.mid,8,7,7,7,7,7,9,8,7,6,7,6,7.5,6.833333333
1544.mid,3,6,6,5,6,5,8,8,6,6,6,5,5.833333333,5.833333333
1545.mid,4,8,4,7,2,7,4,7,4,8,3,7,3.5,7.333333333
1546.mid,3,3,3,2,3,6,4,3,4,3,3,4,3.333333333,3.5
1547.mid,6,3,5,2,3,5,7,4,8,3,4,5,5.5,3.666666667
1548.mid,4,7,6,4,4,7,6,7,6,7,7,6,5.5,6.333333333
1549.mid,8,6,6,2,6,6,8,7,6,7,8,7,7,5.833333333
1550.mid,6,3,3,2,3,6,3,3,2,1,4,4,3.5,3.166666667
1551.mid,3,3,5,2,7,5,2,4,2,4,4,5,3.833333333,3.833333333
1552.mid,6,8,8,8,8,8,2,4,4,9,3,9,5.166666667,7.666666667
1553.mid,3,3,5,3,3,5,4,2,2,4,3,6,3.333333333,3.833333333
1554.mid,6,3,4,3,2,6,3,4,6,2,4,7,4.166666667,4.166666667
1555.mid,6,4,5,3,3,6,4,3,1,3,4,6,3.833333333,4.166666667
1556.mid,8,6,6,3,6,6,8,7,8,7,7,8,7.166666667,6.166666667
1557.mid,8,7,7,7,7,7,7,8,8,8,4,9,6.833333333,7.666666667
1558.mid,6,8,7,2,3,6,6,7,8,4,6,8,6,5.833333333
1559.mid,3,2,3,2,2,4,4,3,6,3,4,6,3.666666667,3.333333333
1560.mid,8,8,5,3,6,6,6,8,6,7,4,7,5.833333333,6.5
1561.mid,6,4,6,2,6,5,8,6,8,7,8,6,7,5
1562.mid,7,4,5,3,6,4,6,6,2,4,5,7,5.166666667,4.666666667
1563.mid,2,3,5,3,4,6,6,6,4,6,4,7,4.166666667,5.166666667
1564.mid,2,2,4,3,2,6,3,8,2,9,3,6,2.666666667,5.666666667
1565.mid,3,6,4,3,5,4,6,2,4,6,4,6,4.333333333,4.5
1566.mid,4,8,4,6,3,6,6,7,4,8,3,8,4,7.166666667
1567.mid,7,4,6,3,6,5,7,7,9,4,5,7,6.666666667,5
1568.mid,4,9,8,7,3,7,4,8,4,8,4,8,4.5,7.833333333
1569.mid,6,3,6,3,6,5,7,6,6,3,4,6,5.833333333,4.333333333
1570.mid,8,8,7,7,7,7,4,4,4,8,8,7,6.333333333,6.833333333
1571.mid,7,9,7,8,3,7,6,9,7,9,8,8,6.333333333,8.333333333
1572.mid,6,2,4,3,4,4,7,6,9,2,5,6,5.833333333,3.833333333
1573.mid,6,3,6,3,5,5,8,7,7,7,7,6,6.5,5.166666667
1574.mid,3,3,5,3,2,4,6,3,3,2,4,5,3.833333333,3.333333333
1575.mid,6,8,7,6,3,6,7,7,8,7,7,6,6.333333333,6.666666667
1576.mid,8,6,7,7,6,6,7,8,7,6,8,7,7.166666667,6.666666667
1577.mid,8,7,7,6,7,7,3,4,7,7,6,7,6.333333333,6.333333333
1578.mid,6,3,5,2,3,4,6,3,8,2,4,6,5.333333333,3.333333333
1579.mid,6,2,6,3,6,6,3,3,9,3,4,5,5.666666667,3.666666667
1580.mid,4,8,6,8,4,8,7,8,1,9,4,8,4.333333333,8.166666667
1581.mid,6,3,4,3,3,5,6,3,8,3,4,6,5.166666667,3.833333333
1582.mid,4,6,4,3,3,5,7,8,3,8,3,7,4,6.166666667
1583.mid,6,8,7,8,7,8,8,8,6,8,7,9,6.833333333,8.166666667
1584.mid,6,8,5,7,7,8,8,9,7,7,7,8,6.666666667,7.833333333
1585.mid,3,2,4,2,3,4,4,3,7,1,4,6,4.166666667,3
1586.mid,6,4,4,3,4,6,7,4,6,3,5,6,5.333333333,4.333333333
1587.mid,3,3,3,4,2,6,3,3,3,6,3,5,2.833333333,4.5
1588.mid,8,9,8,7,6,8,7,8,9,9,7,9,7.5,8.333333333
1589.mid,3,6,6,5,3,6,7,7,6,7,4,8,4.833333333,6.5
1590.mid,6,9,6,3,2,8,4,8,4,9,4,9,4.333333333,7.666666667
1591.mid,6,3,6,2,4,5,6,6,6,2,6,7,5.666666667,4.166666667
1592.mid,4,3,6,3,3,6,6,6,6,6,6,6,5.166666667,5
1593.mid,7,6,6,3,2,7,3,4,3,6,5,6,4.333333333,5.333333333
1594.mid,6,8,6,2,7,4,6,7,7,7,4,7,6,5.833333333
1595.mid,3,6,5,4,3,6,7,7,4,6,3,7,4.166666667,6
1596.mid,4,8,6,3,3,6,7,8,6,7,7,8,5.5,6.666666667
1597.mid,6,4,5,3,7,5,8,7,8,4,5,7,6.5,5
1598.mid,3,3,4,3,2,7,2,3,4,3,4,6,3.166666667,4.166666667
1599.mid,8,8,7,7,3,7,3,4,7,7,7,7,5.833333333,6.666666667
1600.mid,7,4,5,3,6,4,7,3,8,3,5,6,6.333333333,3.833333333
1601.mid,8,7,6,4,7,6,8,6,7,7,7,7,7.166666667,6.166666667
1602.mid,6,4,5,3,4,6,7,4,9,3,2,4,5.5,4
1603.mid,6,7,6,6,6,6,6,7,6,7,7,6,6.166666667,6.5
1604.mid,8,8,7,8,7,8,6,9,7,8,8,8,7.166666667,8.166666667
1605.mid,6,4,6,1,3,5,7,3,8,6,2,2,5.333333333,3.5
1606.mid,4,7,6,2,3,6,6,6,7,7,6,7,5.333333333,5.833333333
1607.mid,7,4,6,3,2,6,3,6,3,4,4,4,4.166666667,4.5
1608.mid,8,7,7,7,3,7,4,7,2,8,7,7,5.166666667,7.166666667
1609.mid,3,3,4,3,3,6,3,3,2,3,2,4,2.833333333,3.666666667
1610.mid,3,3,4,3,3,6,3,3,6,3,2,4,3.5,3.666666667
1611.mid,3,6,2,4,3,6,3,4,2,5,4,4,2.833333333,4.833333333
1612.mid,6,2,4,3,4,4,6,3,7,2,2,3,4.833333333,2.833333333
1613.mid,4,4,6,2,4,4,7,6,7,7,6,2,5.666666667,4.166666667
1614.mid,8,8,6,4,4,6,6,7,6,6,6,6,6,6.166666667
1615.mid,4,8,4,7,3,7,4,7,4,6,2,8,3.5,7.166666667
1616.mid,2,2,4,3,3,5,4,3,3,2,3,3,3.166666667,3
1617.mid,8,6,7,7,6,7,6,7,7,7,6,6,6.666666667,6.666666667
1618.mid,6,2,5,2,3,4,3,3,6,2,3,2,4.333333333,2.5
1619.mid,6,2,5,2,4,6,6,4,4,7,6,1,5.166666667,3.666666667
1620.mid,4,8,5,8,2,7,4,7,3,8,3,4,3.5,7
1621.mid,7,4,6,2,6,5,7,6,8,3,6,6,6.666666667,4.333333333
1622.mid,2,3,3,7,3,6,7,4,3,2,6,3,4,4.166666667
1623.mid,3,2,5,2,4,5,6,4,6,2,4,5,4.666666667,3.333333333
1624.mid,2,2,3,2,3,5,4,2,4,7,4,2,3.333333333,3.333333333
1625.mid,3,7,7,6,6,6,4,7,6,7,6,7,5.333333333,6.666666667
1626.mid,8,7,6,8,8,8,6,8,7,8,9,9,7.333333333,8
1627.mid,8,6,6,3,6,6,6,7,6,9,6,2,6.333333333,5.5
1628.mid,6,4,6,4,6,6,6,7,6,6,6,3,6,5
1629.mid,6,8,6,3,6,7,7,7,7,8,7,7,6.5,6.666666667
1630.mid,3,2,4,3,3,6,7,3,2,3,8,7,4.5,4
1631.mid,6,3,6,3,5,5,4,3,7,2,3,3,5.166666667,3.166666667
1632.mid,7,6,6,2,6,6,6,4,7,6,5,4,6.166666667,4.666666667
1633.mid,6,3,5,3,5,6,4,4,8,3,5,4,5.5,3.833333333
1634.mid,8,7,7,2,6,7,8,7,6,7,8,6,7.166666667,6
1635.mid,3,7,6,3,3,7,4,7,4,7,2,7,3.666666667,6.333333333
1636.mid,3,3,4,3,3,5,4,4,3,4,2,7,3.166666667,4.333333333
1637.mid,4,8,7,6,3,6,3,7,4,7,1,8,3.666666667,7
1638.mid,3,2,4,3,3,6,7,4,3,4,2,4,3.666666667,3.833333333
1639.mid,7,9,7,7,2,6,9,9,6,8,7,7,6.333333333,7.666666667
1640.mid,3,8,4,8,3,7,8,9,7,8,9,9,5.666666667,8.166666667
1641.mid,8,7,6,3,6,7,7,8,8,8,7,7,7,6.666666667
1642.mid,2,3,5,4,5,5,7,4,6,2,3,7,4.666666667,4.166666667
1643.mid,4,6,6,7,6,6,6,6,6,7,3,7,5.166666667,6.5
1644.mid,6,8,6,8,3,7,4,9,7,9,6,6,5.333333333,7.833333333
1645.mid,6,4,6,3,6,5,7,4,6,7,5,2,6,4.166666667
1646.mid,8,7,6,8,7,6,4,8,8,6,7,7,6.666666667,7
1647.mid,2,3,6,3,3,5,3,6,3,4,3,6,3.333333333,4.5
1648.mid,4,7,5,3,3,7,4,7,3,7,2,7,3.5,6.333333333
1649.mid,6,4,5,3,6,6,3,6,7,3,3,3,5,4.166666667
1650.mid,2,3,3,2,4,5,6,2,3,4,5,2,3.833333333,3
1651.mid,3,5,5,1,6,5,6,2,9,4,5,5,5.666666667,3.666666667
1652.mid,6,9,6,2,2,7,4,8,3,9,3,6,4,6.833333333
1653.mid,8,6,5,3,5,6,6,6,7,8,8,8,6.5,6.166666667
1654.mid,8,8,7,5,7,6,4,7,9,4,6,7,6.833333333,6.166666667
1655.mid,8,6,7,4,6,5,3,6,6,6,7,7,6.166666667,5.666666667
1656.mid,6,8,4,8,7,8,3,7,4,8,3,8,4.5,7.833333333
1657.mid,7,4,6,3,4,6,3,7,6,7,7,6,5.5,5.5
1658.mid,8,7,7,5,6,6,6,7,7,7,7,7,6.833333333,6.5
1659.mid,3,6,4,6,3,6,4,6,7,6,2,7,3.833333333,6.166666667
1660.mid,7,4,7,3,6,6,7,7,6,7,6,3,6.5,5
1661.mid,3,7,6,3,3,6,6,3,6,6,5,6,4.833333333,5.166666667
1662.mid,8,5,6,3,3,6,7,4,9,4,7,3,6.666666667,4.166666667
1663.mid,3,3,4,3,2,6,4,6,6,5,2,4,3.5,4.5
1664.mid,6,8,7,7,3,7,3,7,7,9,7,8,5.5,7.666666667
1665.mid,2,2,4,3,3,5,3,3,3,2,2,2,2.833333333,2.833333333
1666.mid,6,3,5,3,5,6,3,6,7,3,2,5,4.666666667,4.333333333
1667.mid,7,9,5,3,4,6,6,7,6,7,7,4,5.833333333,6
1668.mid,3,6,5,1,3,5,6,4,4,6,6,4,4.5,4.333333333
1669.mid,7,6,6,3,7,6,7,6,6,6,7,6,6.666666667,5.5
1670.mid,4,6,4,3,3,7,7,6,3,7,4,7,4.166666667,6
1671.mid,4,7,6,7,3,6,4,7,4,6,3,7,4,6.666666667
1672.mid,7,4,5,1,3,5,3,2,8,2,4,6,5,3.333333333
1673.mid,6,3,5,2,2,5,2,3,7,1,2,2,4,2.666666667
1674.mid,8,7,6,4,6,6,6,6,6,7,6,7,6.333333333,6.166666667
1675.mid,3,7,4,7,3,6,6,6,7,8,4,7,4.5,6.833333333
1676.mid,4,4,5,3,3,6,4,3,3,5,2,3,3.5,4
1677.mid,8,8,6,7,3,7,4,7,6,7,7,7,5.666666667,7.166666667
1678.mid,7,6,6,1,6,6,6,2,4,3,6,2,5.833333333,3.333333333
1679.mid,3,7,5,4,3,7,4,7,4,6,3,6,3.666666667,6.166666667
1680.mid,7,4,4,4,3,6,7,6,7,7,6,7,5.666666667,5.666666667
1681.mid,3,3,5,1,2,6,3,1,2,2,3,1,3,2.333333333
1682.mid,8,6,7,7,7,6,8,6,8,8,7,8,7.5,6.833333333
1683.mid,6,8,6,8,2,8,6,7,4,9,6,7,5,7.833333333
1684.mid,8,8,4,8,3,7,4,7,7,8,2,2,4.666666667,6.666666667
1685.mid,2,2,2,6,2,5,3,3,4,5,2,8,2.5,4.833333333
1686.mid,2,3,3,3,3,6,4,4,4,3,2,2,3,3.5
1687.mid,6,4,3,3,6,5,2,3,2,1,5,1,4,2.833333333
1688.mid,6,3,4,3,3,5,3,4,7,2,3,2,4.333333333,3.166666667
1689.mid,3,3,4,3,2,6,3,3,2,4,3,3,2.833333333,3.666666667
1690.mid,7,4,5,3,5,6,3,4,3,5,3,4,4.333333333,4.333333333
1691.mid,4,8,5,7,3,7,4`,7,3,7,3,7,3.6,7.166666667
1692.mid,6,3,5,3,6,5,6,4,8,3,6,2,6.166666667,3.333333333
1693.mid,2,3,4,3,3,6,4,3,6,2,3,2,3.666666667,3.166666667
1694.mid,6,3,4,3,3,5,4,4,7,3,2,2,4.333333333,3.333333333
1695.mid,6,2,4,4,3,5,3,3,7,4,2,2,4.166666667,3.333333333
1696.mid,7,4,4,4,3,5,2,4,8,2,1,4,4.166666667,3.833333333
1697.mid,6,3,5,3,2,4,2,2,6,7,3,2,4,3.5
1698.mid,3,7,4,7,7,6,4,6,6,7,6,7,5,6.666666667
1699.mid,4,8,4,8,3,6,4,8,7,8,6,9,4.666666667,7.833333333
1700.mid,8,7,7,5,6,5,6,7,7,7,7,7,6.833333333,6.333333333
1701.mid,3,4,5,3,3,5,4,3,4,5,3,7,3.666666667,4.5
1702.mid,8,7,7,5,7,7,4,7,6,8,7,8,6.5,7
1703.mid,7,4,6,4,6,6,4,7,6,6,3,4,5.333333333,5.166666667
1704.mid,3,3,5,3,4,6,4,2,9,2,3,6,4.666666667,3.666666667
1705.mid,8,6,8,6,7,6,6,7,8,3,6,7,7.166666667,5.833333333
1706.mid,6,4,5,3,6,5,6,6,9,3,7,6,6.5,4.5
1707.mid,3,2,3,3,3,5,3,3,1,3,2,3,2.5,3.166666667
1708.mid,2,3,5,3,5,6,3,4,3,8,3,2,3.5,4.333333333
1709.mid,8,6,6,3,6,7,8,7,8,6,5,6,6.833333333,5.833333333
1710.mid,6,3,4,2,2,4,7,1,8,3,2,2,4.833333333,2.5
1711.mid,6,3,5,3,3,5,6,3,8,3,3,4,5.166666667,3.5
1712.mid,2,2,4,2,2,4,2,2,2,4,3,2,2.5,2.666666667
1713.mid,7,6,7,6,6,5,6,7,8,6,7,8,6.833333333,6.333333333
1714.mid,6,3,4,3,3,4,3,3,4,3,2,3,3.666666667,3.166666667
1715.mid,6,4,6,4,4,6,6,4,8,2,2,4,5.333333333,4
1716.mid,2,2,3,3,3,4,6,2,4,4,3,6,3.5,3.5
1717.mid,8,7,7,5,7,8,4,8,8,6,8,8,7,7
1718.mid,6,8,7,7,7,6,4,7,6,8,8,9,6.333333333,7.5
1719.mid,6,2,4,3,3,5,6,3,8,3,6,3,5.5,3.166666667
1720.mid,6,3,5,2,3,5,2,3,3,3,5,1,4,2.833333333
1721.mid,8,6,6,6,6,5,6,6,9,6,6,8,6.833333333,6.166666667
1722.mid,4,8,8,6,7,6,4,8,7,8,6,8,6,7.333333333
1723.mid,6,2,5,1,4,5,4,2,5,5,4,5,4.666666667,3.333333333
1724.mid,2,2,4,3,3,5,3,3,2,3,2,4,2.666666667,3.333333333
1725.mid,3,3,6,3,3,6,4,4,6,3,3,3,4.166666667,3.666666667
1726.mid,8,6,6,3,6,6,6,7,8,6,7,6,6.833333333,5.666666667
1727.mid,6,3,6,3,2,4,6,3,8,3,7,2,5.833333333,3
1728.mid,6,9,6,8,3,7,7,9,7,8,7,8,6,8.166666667
1729.mid,8,7,7,9,7,8,4,9,7,8,9,9,7,8.333333333
1730.mid,3,2,4,3,2,4,2,2,9,3,3,2,3.833333333,2.666666667
1731.mid,6,3,6,4,5,5,6,4,8,3,4,3,5.833333333,3.666666667
1732.mid,7,4,7,3,6,6,6,4,9,6,6,4,6.833333333,4.5
1733.mid,7,3,7,5,6,5,7,6,8,6,7,6,7,5.166666667
1734.mid,3,3,5,3,3,4,7,4,9,2,3,3,5,3.166666667
1735.mid,3,4,5,3,3,5,4,3,4,4,3,2,3.666666667,3.5
1736.mid,6,3,5,2,6,5,7,3,3,6,2,3,4.833333333,3.666666667
1737.mid,3,3,4,3,2,4,6,2,8,3,3,6,4.333333333,3.5
1738.mid,4,4,5,3,6,5,6,4,9,6,3,4,5.5,4.333333333
1739.mid,3,6,5,1,7,6,7,3,6,6,6,2,5.666666667,4
1740.mid,6,4,5,1,6,5,6,3,9,3,6,1,6.333333333,2.833333333
1741.mid,3,5,4,4,3,6,7,6,4,9,4,6,4.166666667,6
1742.mid,3,3,4,2,2,4,3,3,2,3,3,2,2.833333333,2.833333333
1743.mid,6,3,4,4,5,5,6,6,8,7,6,6,5.833333333,5.166666667
1744.mid,8,7,6,6,6,7,7,8,7,8,8,8,7,7.333333333
1745.mid,6,3,4,3,6,5,7,7,9,3,3,5,5.833333333,4.333333333
1746.mid,3,7,6,6,3,6,7,7,8,8,3,8,5,7
1747.mid,3,3,3,3,3,5,3,3,9,3,3,2,4,3.166666667
1748.mid,8,7,7,6,6,6,8,7,8,6,7,8,7.333333333,6.666666667
1749.mid,8,8,7,6,7,7,6,8,9,6,8,7,7.5,7
1750.mid,6,8,8,8,7,8,6,9,7,8,9,9,7.166666667,8.333333333
1751.mid,3,4,6,4,4,6,7,4,8,6,6,6,5.666666667,5
1752.mid,6,2,5,3,4,5,7,3,8,3,6,2,6,3
1753.mid,6,3,6,3,5,6,7,3,8,3,3,3,5.833333333,3.5
1754.mid,2,2,4,2,4,5,3,3,8,3,4,2,4.166666667,2.833333333
1755.mid,3,6,4,6,6,6,6,7,8,8,2,7,4.833333333,6.666666667
1756.mid,7,4,6,6,6,5,6,7,7,8,4,5,6,5.833333333
1757.mid,7,4,6,3,4,6,4,4,8,6,7,7,6,5
1758.mid,2,3,5,2,2,4,2,3,9,3,2,2,3.666666667,2.833333333
1759.mid,3,3,6,2,3,5,3,4,9,3,4,2,4.666666667,3.166666667
1760.mid,6,4,6,2,6,6,6,3,9,6,6,7,6.5,4.666666667
1761.mid,4,6,5,1,3,5,4,2,3,6,5,5,4,4.166666667
1762.mid,8,7,6,3,7,6,6,6,8,6,6,4,6.833333333,5.333333333
1763.mid,3,3,5,2,3,5,3,3,8,3,4,2,4.333333333,3
1764.mid,2,3,4,4,3,6,4,3,5,8,3,6,3.5,5
1765.mid,8,6,6,8,5,6,6,7,8,6,3,8,6,6.833333333
1766.mid,6,3,5,3,4,6,7,4,8,3,4,7,5.666666667,4.333333333
1767.mid,2,2,4,2,3,5,2,2,8,3,4,2,3.833333333,2.666666667
1768.mid,6,3,5,3,6,5,6,3,8,3,6,2,6.166666667,3.166666667
1769.mid,8,7,6,4,6,7,6,6,7,8,7,7,6.666666667,6.5
1770.mid,6,4,6,3,5,5,4,4,8,3,3,2,5.333333333,3.5
1771.mid,4,8,6,9,3,8,3,8,6,8,4,8,4.333333333,8.166666667
1772.mid,8,6,6,7,6,6,6,4,8,6,4,7,6.333333333,6
1773.mid,3,7,6,3,3,5,6,3,8,6,7,4,5.5,4.666666667
1774.mid,3,3,5,3,3,6,3,3,9,3,4,3,4.5,3.5
1775.mid,8,7,7,7,3,8,4,6,8,8,4,8,5.666666667,7.333333333
1776.mid,3,6,5,1,3,5,6,4,4,4,6,1,4.5,3.5
1777.mid,3,2,5,3,5,5,6,3,8,3,4,2,5.166666667,3
1778.mid,4,8,6,5,3,7,3,3,6,8,4,4,4.333333333,5.833333333
1779.mid,8,6,7,7,3,7,4,7,7,8,4,8,5.5,7.166666667
1780.mid,4,8,4,7,3,6,6,3,4,9,3,8,4,6.833333333
1781.mid,3,3,4,5,3,5,3,3,3,6,3,4,3.166666667,4.333333333
1782.mid,6,8,7,2,6,5,6,2,9,3,6,4,6.666666667,4
1783.mid,6,2,4,1,3,4,3,3,4,5,6,1,4.333333333,2.666666667
1784.mid,6,3,5,3,6,6,3,2,8,3,7,3,5.833333333,3.333333333
1785.mid,4,4,6,3,6,6,6,3,8,3,6,4,6,3.833333333
1786.mid,3,3,5,1,3,4,3,3,4,6,4,1,3.666666667,3
1787.mid,6,8,7,7,7,6,7,7,8,6,7,7,7,6.833333333
1788.mid,6,9,6,7,3,6,3,8,3,6,5,7,4.333333333,7.166666667
1789.mid,6,3,5,3,4,5,3,3,9,6,3,3,5,3.833333333
1790.mid,7,3,4,3,4,4,3,2,8,2,2,3,4.666666667,2.833333333
1791.mid,3,4,5,1,5,5,3,3,3,6,6,4,4.166666667,3.833333333
1792.mid,2,3,5,3,4,5,6,2,8,3,5,5,5,3.5
1793.mid,3,6,6,6,7,7,4,7,4,8,2,8,4.333333333,7
1794.mid,7,4,4,3,6,5,4,4,4,9,4,6,4.833333333,5.166666667
1795.mid,6,4,5,3,4,6,3,3,8,5,6,4,5.333333333,4.166666667
1796.mid,8,6,7,4,7,6,6,4,8,2,6,2,7,4
1797.mid,6,4,5,1,4,5,6,3,5,3,6,1,5.333333333,2.833333333
1798.mid,8,6,8,7,7,7,7,8,8,6,8,7,7.666666667,6.833333333
1799.mid,3,4,4,7,7,7,3,3,5,9,3,7,4.166666667,6.166666667
1800.mid,3,4,5,4,6,4,4,3,2,4,3,4,3.833333333,3.833333333
1801.mid,3,6,5,3,4,7,2,8,8,6,3,7,4.166666667,6.166666667
1802.mid,3,2,4,2,2,2,6,2,8,2,3,1,4.333333333,1.833333333
1803.mid,6,3,5,2,3,3,2,2,8,2,3,3,4.5,2.5
1804.mid,6,4,5,3,7,7,3,3,8,3,4,4,5.5,4
1805.mid,7,3,4,3,6,4,6,3,8,3,4,3,5.833333333,3.166666667
1806.mid,4,8,8,6,7,8,7,8,6,8,5,6,6.166666667,7.333333333
1807.mid,3,6,5,4,3,6,4,6,3,6,5,4,3.833333333,5.333333333
1808.mid,7,4,5,2,6,3,6,2,9,2,7,2,6.666666667,2.5
1809.mid,3,6,4,6,3,6,3,8,5,8,7,7,4.166666667,6.833333333
1810.mid,8,7,6,6,7,7,7,7,4,8,2,7,5.666666667,7
1811.mid,4,7,4,8,7,7,4,7,4,8,3,8,4.333333333,7.5
1812.mid,6,3,5,2,6,2,3,2,8,3,3,2,5.166666667,2.333333333
1813.mid,8,8,7,6,7,7,3,7,8,8,7,7,6.666666667,7.166666667
1814.mid,8,8,8,7,7,8,3,7,7,8,8,8,6.833333333,7.666666667
1815.mid,7,6,6,8,3,7,3,7,7,8,7,6,5.5,7
1816.mid,6,8,7,3,6,5,7,6,8,6,7,8,6.833333333,6
1817.mid,5,5,5,1,5,3,6,3,2,3,6,2,4.833333333,2.833333333
1818.mid,2,2,5,2,3,4,6,3,8,3,3,2,4.5,2.666666667
1819.mid,6,4,4,2,3,2,6,2,9,2,3,2,5.166666667,2.333333333
1820.mid,3,3,5,3,6,4,3,3,8,2,3,3,4.666666667,3
1821.mid,2,1,5,2,3,3,3,2,9,3,3,1,4.166666667,2
1822.mid,6,4,5,1,4,4,6,4,4,8,6,4,5.166666667,4.166666667
1823.mid,3,7,5,8,8,7,4,6,8,6,3,4,5.166666667,6.333333333
1824.mid,8,6,6,4,3,6,6,3,9,6,6,4,6.333333333,4.833333333
1825.mid,6,3,5,3,6,6,4,4,8,6,2,6,5.166666667,4.666666667
1826.mid,3,3,5,3,6,4,3,2,4,4,3,2,4,3
1827.mid,3,7,6,6,7,7,7,7,8,6,4,7,5.833333333,6.666666667
1828.mid,2,2,4,3,5,4,6,3,2,3,3,3,3.666666667,3
1829.mid,2,3,5,2,3,3,7,6,3,6,3,6,3.833333333,4.333333333
1830.mid,8,8,6,9,7,8,3,7,7,8,8,9,6.5,8.166666667
1831.mid,7,4,7,6,6,4,4,3,8,6,8,4,6.666666667,4.5
1832.mid,3,3,3,4,2,3,3,3,1,3,4,6,2.666666667,3.666666667
1833.mid,7,8,5,8,8,8,7,8,4,8,3,9,5.666666667,8.166666667
1834.mid,3,6,5,3,3,5,3,7,3,6,2,6,3.166666667,5.5
1835.mid,3,3,6,3,3,3,6,3,8,3,6,2,5.333333333,2.833333333
1836.mid,3,2,4,3,6,4,3,6,8,3,4,4,4.666666667,3.666666667
1837.mid,8,6,6,4,7,7,3,7,8,6,8,7,6.666666667,6.166666667
1838.mid,2,2,4,2,3,2,6,2,3,6,4,6,3.666666667,3.333333333
1839.mid,6,8,6,8,8,8,3,8,6,8,7,9,6,8.166666667
1840.mid,6,4,5,3,4,6,6,3,8,6,3,7,5.333333333,4.833333333
1841.mid,2,2,4,4,3,2,2,2,2,4,4,2,2.833333333,2.666666667
1842.mid,8,6,3,2,8,7,6,3,9,6,6,3,6.666666667,4.5
1843.mid,6,3,7,5,3,4,3,3,8,3,6,2,5.5,3.333333333
1844.mid,6,3,4,3,3,3,3,3,2,3,3,4,3.5,3.166666667
1845.mid,6,4,4,3,3,4,6,3,8,3,2,6,4.833333333,3.833333333
1846.mid,6,2,5,3,3,5,6,3,8,3,3,2,5.166666667,3
1847.mid,3,3,4,3,3,2,3,3,8,6,4,2,4.166666667,3.166666667
1848.mid,8,6,5,3,6,4,3,3,9,6,6,2,6.166666667,4
1849.mid,8,8,7,5,7,8,7,8,7,8,7,8,7.166666667,7.5
1850.mid,6,8,6,4,7,7,3,7,7,8,6,7,5.833333333,6.833333333
1851.mid,6,3,4,3,2,3,3,3,1,3,3,2,3.166666667,2.833333333
1852.mid,8,6,6,8,7,7,6,6,9,6,4,4,6.666666667,6.166666667
1853.mid,6,3,6,3,3,4,3,3,8,3,6,2,5.333333333,3
1854.mid,8,8,6,3,7,7,7,7,8,6,4,7,6.666666667,6.333333333
1855.mid,6,3,6,3,7,6,3,3,9,3,3,4,5.666666667,3.666666667
1856.mid,3,7,5,3,6,7,7,7,8,6,4,6,5.5,6
1857.mid,3,7,6,2,4,6,6,3,7,8,6,3,5.333333333,4.833333333
1858.mid,6,3,6,3,7,7,6,4,9,6,7,3,6.833333333,4.333333333
1859.mid,3,3,5,2,3,7,6,3,3,9,4,4,4,4.666666667
1860.mid,4,8,5,3,7,7,3,7,3,6,2,7,4,6.333333333
1861.mid,6,3,5,2,3,3,6,2,8,3,2,2,5,2.5
1862.mid,3,3,4,3,3,4,6,3,1,4,3,2,3.333333333,3.166666667
1863.mid,8,6,7,7,8,8,7,7,8,6,6,7,7.333333333,6.833333333
1864.mid,3,7,5,3,7,7,7,7,9,6,6,3,6.166666667,5.5
1865.mid,6,3,6,3,6,4,7,6,8,3,6,2,6.5,3.5
1866.mid,8,6,6,3,8,7,7,7,8,3,6,3,7.166666667,4.833333333
1867.mid,8,8,7,7,7,8,7,7,7,8,8,8,7.333333333,7.666666667
1868.mid,6,3,5,3,6,4,6,3,1,3,4,3,4.666666667,3.166666667
1869.mid,3,4,5,3,4,5,6,4,3,6,4,5,4.166666667,4.5
1870.mid,6,2,5,1,6,4,6,3,3,3,3,2,4.833333333,2.5
1871.mid,4,6,4,4,6,5,4,6,4,9,2,7,4,6.166666667
1872.mid,8,8,7,7,7,7,7,7,7,8,7,7,7.166666667,7.333333333
1873.mid,3,6,6,3,6,4,7,7,8,6,6,5,6,5.166666667
1874.mid,6,2,4,3,6,4,6,4,9,2,7,4,6.333333333,3.166666667
1875.mid,6,2,3,2,3,3,3,3,2,4,4,2,3.5,2.666666667
1876.mid,2,6,3,3,6,3,3,3,3,8,2,6,3.166666667,4.833333333
1877.mid,8,6,6,9,7,8,4,7,3,6,6,8,5.666666667,7.333333333
1878.mid,6,9,4,8,4,7,4,6,5,9,3,8,4.333333333,7.833333333
1879.mid,3,3,3,3,3,3,3,3,9,3,4,3,4.166666667,3
1880.mid,6,8,6,3,7,7,7,7,9,6,6,7,6.833333333,6.333333333
1881.mid,3,7,3,7,3,6,3,8,3,9,3,8,3,7.5
1882.mid,6,2,6,3,6,4,6,3,2,3,3,3,4.833333333,3
1883.mid,6,3,5,2,2,3,6,2,8,3,6,1,5.5,2.333333333
1884.mid,6,4,5,3,3,4,3,3,8,2,3,4,4.666666667,3.333333333
1885.mid,8,7,7,6,7,6,8,7,8,6,7,7,7.5,6.5
1886.mid,3,3,4,3,3,3,3,3,9,3,3,4,4.166666667,3.166666667
1887.mid,4,8,5,8,7,7,3,7,6,8,3,8,4.666666667,7.666666667
1888.mid,6,3,5,3,6,4,6,3,9,3,4,7,6,3.833333333
1889.mid,3,6,4,3,3,6,6,3,7,8,4,3,4.5,4.833333333
1890.mid,4,6,4,4,4,6,7,7,5,9,3,8,4.5,6.666666667
1891.mid,3,2,4,1,4,3,6,3,3,3,3,2,3.833333333,2.333333333
1892.mid,6,3,5,2,3,3,3,3,8,2,6,2,5.166666667,2.5
1893.mid,8,6,6,6,6,4,4,6,8,6,6,7,6.333333333,5.833333333
1894.mid,4,7,3,7,3,7,3,7,3,6,3,8,3.166666667,7
1895.mid,3,6,5,3,7,6,7,7,9,7,3,3,5.666666667,5.333333333
1896.mid,6,8,5,4,8,7,3,7,9,6,7,8,6.333333333,6.666666667
1897.mid,2,2,6,4,4,6,3,3,9,6,2,6,4.333333333,4.5
1898.mid,6,3,5,3,7,6,6,3,9,3,3,3,6,3.5
1899.mid,4,7,7,6,8,8,3,6,7,8,8,8,6.166666667,7.166666667
1900.mid,6,3,6,6,4,4,3,3,8,2,8,7,5.833333333,4.166666667
1901.mid,3,8,6,8,8,8,7,8,7,8,8,7,6.5,7.833333333
1902.mid,7,3,5,2,7,6,6,3,8,3,7,7,6.666666667,4
1903.mid,3,3,4,1,6,4,3,3,1,4,3,2,3.333333333,2.833333333
1904.mid,4,4,5,1,4,6,6,3,1,3,2,6,3.666666667,3.833333333
1905.mid,4,8,5,3,7,7,6,3,5,9,2,8,4.833333333,6.333333333
1906.mid,7,4,6,4,7,7,7,7,9,6,7,6,7.166666667,5.666666667
1907.mid,3,3,3,3,5,3,4,7,1,3,2,2,3,3.5
1908.mid,7,3,6,3,8,7,8,7,8,3,6,4,7.166666667,4.5
1909.mid,3,7,4,3,7,6,4,7,4,6,1,8,3.833333333,6.166666667
1910.mid,3,6,4,3,7,6,6,4,2,3,2,8,4,5
1911.mid,2,2,3,2,3,3,6,3,2,4,3,2,3.166666667,2.666666667
1912.mid,8,6,6,3,7,7,6,4,9,6,7,6,7.166666667,5.333333333
1913.mid,8,6,5,3,6,4,7,7,9,2,6,3,6.833333333,4.166666667
1914.mid,3,6,5,1,6,5,6,4,4,6,3,6,4.5,4.666666667
1915.mid,8,7,6,2,7,6,6,2,8,6,7,6,7,4.833333333
1916.mid,3,3,4,2,3,4,2,2,2,3,2,3,2.666666667,2.833333333
1917.mid,6,7,6,1,7,7,7,7,8,3,4,3,6.333333333,4.666666667
1918.mid,8,8,7,4,7,7,7,7,7,8,7,7,7.166666667,6.833333333
1919.mid,6,3,5,3,6,4,3,3,9,2,6,2,5.833333333,2.833333333
1920.mid,7,4,6,3,7,7,8,8,8,3,3,3,6.5,4.666666667
1921.mid,3,3,3,3,3,3,6,3,8,6,4,2,4.5,3.333333333
1922.mid,3,7,6,3,8,7,4,6,8,6,3,7,5.333333333,6
1923.mid,8,7,6,3,6,7,3,6,7,8,2,7,5.333333333,6.333333333
1924.mid,3,3,4,3,6,4,3,3,4,8,3,8,3.833333333,4.833333333
1925.mid,6,3,5,3,6,7,3,8,3,7,3,8,4.333333333,6
1926.mid,8,6,5,3,6,6,6,3,8,3,3,3,6,4
1927.mid,6,3,5,3,6,5,6,3,8,3,3,2,5.666666667,3.166666667
1928.mid,8,8,7,9,7,8,3,8,7,8,3,9,5.833333333,8.333333333
1929.mid,8,6,6,3,3,3,6,3,8,6,4,2,5.833333333,3.833333333
1930.mid,8,6,6,3,6,4,3,3,8,3,4,2,5.833333333,3.5
1931.mid,3,3,4,3,5,5,3,3,1,4,3,2,3.166666667,3.333333333
1932.mid,4,8,5,4,6,7,7,7,7,8,2,6,5.166666667,6.666666667
1933.mid,3,2,3,2,3,2,3,3,2,4,3,2,2.833333333,2.5
1934.mid,6,8,6,3,7,7,7,7,4,9,3,7,5.5,6.833333333
1935.mid,6,3,4,3,3,2,3,2,2,4,3,2,3.5,2.666666667
1936.mid,6,7,6,3,6,3,4,3,2,4,3,3,4.5,3.833333333
1937.mid,7,4,5,2,5,3,6,3,9,3,3,2,5.833333333,2.833333333
1938.mid,8,8,7,7,8,8,6,8,7,8,8,8,7.333333333,7.833333333
1939.mid,6,4,5,4,6,4,7,6,9,3,3,4,6,4.166666667
1940.mid,3,3,5,3,6,3,3,2,2,3,2,2,3.5,2.666666667
1941.mid,3,6,6,7,6,6,6,7,8,6,4,8,5.5,6.666666667
1942.mid,4,8,7,7,7,8,6,8,7,8,4,8,5.833333333,7.833333333
1943.mid,4,8,6,6,7,7,4,8,3,6,3,8,4.5,7.166666667
1944.mid,3,3,3,2,3,2,3,4,4,8,2,7,3,4.333333333
1945.mid,8,7,7,5,7,7,7,8,8,6,8,6,7.5,6.5
1946.mid,2,2,4,2,3,2,4,3,8,3,3,2,4,2.333333333
1947.mid,6,3,6,2,6,3,3,4,3,4,4,2,4.666666667,3
1948.mid,3,7,5,3,6,7,4,7,7,8,2,4,4.5,6
1949.mid,8,8,7,7,7,7,7,8,7,8,7,9,7.166666667,7.833333333
1950.mid,6,3,3,2,3,2,6,3,9,2,2,1,4.833333333,2.166666667
1951.mid,6,4,5,3,6,4,4,3,8,3,3,2,5.333333333,3.166666667
1952.mid,8,5,5,3,3,3,6,6,8,2,4,4,5.666666667,3.833333333
1953.mid,3,3,5,3,6,4,6,7,8,6,4,3,5.333333333,4.333333333
1954.mid,6,3,5,3,7,4,7,7,8,8,4,3,6.166666667,4.666666667
1955.mid,3,4,5,3,4,6,3,4,8,3,4,2,4.5,3.666666667
1956.mid,4,8,4,7,7,8,7,8,3,6,3,8,4.666666667,7.5
1957.mid,3,3,4,3,5,3,6,4,3,3,4,2,4.166666667,3
1958.mid,8,5,6,3,7,7,8,7,8,6,6,6,7.166666667,5.666666667
1959.mid,3,7,5,8,7,8,4,7,4,8,4,7,4.5,7.5
1960.mid,3,6,6,3,6,4,7,7,8,6,6,3,6,4.833333333
1961.mid,3,3,5,2,3,2,6,3,8,3,4,2,4.833333333,2.5
1962.mid,3,7,7,8,8,8,9,8,6,8,8,8,6.833333333,7.833333333
1963.mid,4,7,5,3,4,5,7,6,5,9,4,2,4.833333333,5.333333333
1964.mid,6,3,3,3,2,3,4,4,8,2,3,4,4.333333333,3.166666667
1965.mid,8,8,6,4,7,7,9,7,9,6,4,7,7.166666667,6.5
1966.mid,8,7,7,6,6,7,9,8,6,8,4,8,6.666666667,7.333333333
1967.mid,6,3,5,4,3,3,4,4,9,3,3,3,5,3.333333333
1968.mid,4,8,4,7,3,6,3,8,4,6,2,8,3.333333333,7.166666667
1969.mid,3,7,4,2,3,3,6,6,8,3,4,2,4.666666667,3.833333333
1970.mid,7,4,5,3,2,3,6,4,9,2,4,3,5.5,3.166666667
1971.mid,3,3,3,2,3,2,4,2,5,8,2,3,3.333333333,3.333333333
1972.mid,4,8,5,5,6,7,7,7,6,8,2,7,5,7
1973.mid,6,4,5,3,8,7,6,6,8,3,3,3,6,4.333333333
1974.mid,3,3,4,4,3,4,4,3,4,8,2,4,3.333333333,4.333333333
1975.mid,3,6,5,1,3,7,6,6,2,3,4,2,3.833333333,4.166666667
1976.mid,8,8,6,4,2,7,8,8,7,8,3,8,5.666666667,7.166666667
1977.mid,6,3,5,3,3,4,7,4,8,3,2,3,5.166666667,3.333333333
1978.mid,3,6,4,4,3,6,3,4,7,8,2,7,3.666666667,5.833333333
1979.mid,2,3,5,1,2,6,6,6,9,3,3,2,4.5,3.5
1980.mid,6,8,6,8,7,8,2,4,6,8,8,9,5.833333333,7.5
1981.mid,3,6,4,4,4,5,2,2,4,8,2,3,3.166666667,4.666666667
1982.mid,4,7,4,4,7,7,4,4,7,8,3,8,4.833333333,6.333333333
1983.mid,8,7,7,6,7,7,3,4,8,6,7,8,6.666666667,6.333333333
1984.mid,3,4,4,3,6,4,6,4,8,3,3,3,5,3.5
1985.mid,8,7,6,4,7,7,7,8,8,6,4,4,6.666666667,6
1986.mid,6,8,7,6,3,7,6,8,3,6,3,8,4.666666667,7.166666667
1987.mid,6,8,6,3,6,8,7,8,3,8,6,3,5.666666667,6.333333333
1988.mid,6,4,6,2,3,7,8,7,8,2,3,2,5.666666667,4
1989.mid,8,7,6,4,7,7,7,7,8,6,7,7,7.166666667,6.333333333
1990.mid,3,7,6,7,7,8,3,8,6,8,3,8,4.666666667,7.666666667
1991.mid,8,6,6,1,6,7,8,6,8,6,6,2,7,4.666666667
1992.mid,6,8,7,7,3,8,4,8,6,9,3,8,4.833333333,8
1993.mid,2,2,5,1,3,7,4,6,3,6,2,6,3.166666667,4.666666667
1994.mid,7,4,5,2,2,6,8,4,8,3,3,2,5.5,3.5
1995.mid,4,8,5,1,4,7,7,7,8,7,6,3,5.666666667,5.5
1996.mid,8,6,6,7,4,6,7,8,9,6,7,7,6.833333333,6.666666667
1997.mid,3,6,6,3,3,6,6,7,8,6,8,6,5.666666667,5.666666667
1998.mid,8,6,6,2,2,6,4,4,9,2,7,6,6,4.333333333
1999.mid,8,7,7,7,7,7,8,7,6,8,6,8,7,7.333333333
2000.mid,6,3,5,1,6,4,7,6,4,6,3,2,5.166666667,3.666666667
2001.mid,2,4,8,2,7,7,6,4,8,2,2,3,5.5,3.666666667
2002.mid,8,6,9,6,6,7,7,6,8,6,7,6,7.5,6.166666667
2003.mid,3,6,8,3,3,7,7,7,7,3,7,7,5.833333333,5.5
2004.mid,7,6,9,6,6,4,6,7,8,7,4,3,6.666666667,5.5
2005.mid,8,6,7,9,7,7,3,4,6,8,7,7,6.333333333,6.833333333
2006.mid,4,7,3,7,4,7,4,4,4,7,3,1,3.666666667,5.5
2007.mid,3,4,4,9,4,6,4,6,5,8,2,4,3.666666667,6.166666667
2008.mid,6,2,8,3,3,3,6,3,7,3,2,3,5.333333333,2.833333333
2009.mid,3,7,4,9,4,7,3,6,4,8,2,8,3.333333333,7.5
2010.mid,6,7,7,2,5,5,6,7,7,3,4,2,5.833333333,4.333333333
2011.mid,8,5,8,5,7,7,8,7,9,5,8,7,8,6
2012.mid,6,9,7,8,7,8,4,8,7,8,7,9,6.333333333,8.333333333
2013.mid,3,6,2,4,6,3,3,3,1,4,3,3,3,3.833333333
2014.mid,6,3,8,3,3,3,7,6,9,3,6,2,6.5,3.333333333
2015.mid,8,9,7,9,3,7,3,8,7,9,8,9,6,8.5
2016.mid,8,6,7,9,6,7,7,7,6,9,7,6,6.833333333,7.333333333
2017.mid,7,4,9,7,3,4,6,4,8,7,6,6,6.5,5.333333333
2018.mid,7,3,7,9,4,5,6,6,7,8,6,7,6.166666667,6.333333333
2019.mid,3,3,2,3,5,4,6,3,2,3,3,2,3.5,3
2020.mid,8,6,3,8,8,8,3,4,3,8,7,9,5.333333333,7.166666667
2021.mid,3,3,9,3,3,4,6,3,9,3,4,2,5.666666667,3
2022.mid,6,8,8,6,3,6,7,6,8,5,5,6,6.166666667,6.166666667
2023.mid,4,6,3,8,4,6,3,4,3,8,3,4,3.333333333,6
2024.mid,3,7,4,9,4,7,3,6,4,8,4,3,3.666666667,6.666666667
2025.mid,3,4,4,5,6,3,6,4,3,5,6,2,4.666666667,3.833333333
2026.mid,6,2,2,3,3,2,7,4,2,2,2,2,3.666666667,2.5
2027.mid,6,9,4,9,3,8,7,7,4,8,6,6,5,7.833333333
2028.mid,7,5,8,6,6,5,7,4,8,6,2,3,6.333333333,4.833333333
2029.mid,8,8,5,8,6,7,6,8,4,8,7,7,6,7.666666667
2030.mid,3,3,3,9,3,7,4,3,4,8,2,8,3.166666667,6.333333333
2031.mid,8,6,9,6,7,7,2,4,9,6,3,4,6.333333333,5.5
2032.mid,7,3,4,8,4,6,7,6,4,8,3,3,4.833333333,5.666666667
2033.mid,3,7,2,4,7,6,6,6,2,4,2,6,3.666666667,5.5
2034.mid,3,3,2,3,6,5,7,4,2,3,2,3,3.666666667,3.5
2035.mid,3,6,8,3,6,6,7,6,8,3,4,5,6,4.833333333
2036.mid,6,4,3,7,6,5,6,7,3,7,2,5,4.333333333,5.833333333
2037.mid,8,6,7,9,7,7,4,7,7,9,7,7,6.666666667,7.5
2038.mid,2,2,9,3,2,4,6,3,8,3,3,3,5,3
2039.mid,8,7,7,8,7,7,7,8,6,8,7,7,7,7.5
2040.mid,4,6,3,6,3,7,4,4,3,7,2,7,3.166666667,6.166666667
2041.mid,8,6,9,7,7,6,6,7,8,6,7,7,7.5,6.5
2042.mid,3,3,5,9,3,7,4,4,5,9,3,2,3.833333333,5.666666667
2043.mid,6,3,9,3,6,5,7,6,8,3,6,2,7,3.666666667
2044.mid,4,8,3,8,3,7,3,7,3,8,2,8,3,7.666666667
2045.mid,3,3,4,8,3,7,3,4,3,9,2,3,3,5.666666667
2046.mid,6,3,2,3,3,6,6,4,2,4,4,6,3.833333333,4.333333333
2047.mid,6,2,9,2,6,4,7,3,8,2,7,2,7.166666667,2.5
2048.mid,4,8,9,6,4,7,6,7,9,6,6,7,6.333333333,6.833333333
2049.mid,8,8,7,8,8,8,2,4,8,8,8,8,6.833333333,7.333333333
2050.mid,6,8,9,6,7,6,8,8,8,6,7,6,7.5,6.666666667
2051.mid,3,2,2,3,3,3,3,3,1,3,3,2,2.5,2.666666667
2052.mid,3,7,9,5,7,7,7,7,9,5,6,6,6.833333333,6.166666667
2053.mid,8,6,7,8,6,6,8,7,7,8,7,6,7.166666667,6.833333333
2054.mid,7,6,3,9,7,6,7,6,3,9,6,7,5.5,7.166666667
2055.mid,3,4,3,7,7,6,6,4,3,7,3,2,4.166666667,5
2056.mid,3,3,2,3,6,5,6,6,2,4,3,3,3.666666667,4
2057.mid,3,7,4,9,3,7,6,8,4,9,7,7,4.5,7.833333333
2058.mid,3,6,2,3,3,7,4,4,2,4,4,3,3,4.5
2059.mid,8,8,7,8,7,7,7,8,7,8,6,4,7,7.166666667
2060.mid,8,6,9,6,6,6,8,7,8,7,7,4,7.666666667,6
2061.mid,3,4,9,2,5,5,6,6,8,2,4,2,5.833333333,3.5
2062.mid,3,5,4,8,7,7,3,4,3,9,6,2,4.333333333,5.833333333
2063.mid,3,3,2,3,3,5,6,3,2,3,3,2,3.166666667,3.166666667
2064.mid,4,4,8,5,6,6,6,6,7,5,3,7,5.666666667,5.5
2065.mid,4,8,7,8,7,8,7,8,6,8,7,7,6.333333333,7.833333333
2066.mid,8,7,5,9,7,7,4,8,4,9,8,9,6,8.166666667
2067.mid,3,3,2,3,3,6,4,6,2,3,3,7,2.833333333,4.666666667
2068.mid,3,6,3,6,6,5,7,6,3,5,3,7,4.166666667,5.833333333
2069.mid,2,6,3,9,3,7,3,6,3,8,2,7,2.666666667,7.166666667
2070.mid,6,2,2,4,4,5,3,3,2,4,2,3,3.166666667,3.5
2071.mid,2,2,3,6,2,6,3,2,3,6,2,4,2.5,4.333333333
2072.mid,8,6,8,6,6,5,7,6,8,5,6,2,7.166666667,5
2073.mid,8,7,7,9,6,7,9,7,7,8,8,7,7.5,7.5
2074.mid,6,8,4,9,3,7,6,8,4,9,6,8,4.833333333,8.166666667
2075.mid,3,6,5,9,3,5,8,8,5,9,3,4,4.5,6.833333333
2076.mid,6,8,5,9,3,7,7,8,4,8,2,9,4.5,8.166666667
2077.mid,6,3,8,3,6,5,6,3,8,4,3,2,6.166666667,3.333333333
2078.mid,2,2,2,3,3,4,4,3,2,3,2,1,2.5,2.666666667
2079.mid,6,2,4,5,3,6,6,6,4,6,4,1,4.5,4.333333333
2080.mid,6,3,2,3,4,5,3,4,2,3,3,2,3.333333333,3.333333333
2081.mid,3,6,3,8,3,7,3,6,3,8,2,4,2.833333333,6.5
2082.mid,4,3,4,8,3,5,3,3,4,8,3,4,3.5,5.166666667
2083.mid,8,7,7,8,7,7,8,8,6,8,8,7,7.333333333,7.5
2084.mid,8,7,5,9,6,6,7,7,5,8,7,6,6.333333333,7.166666667
2085.mid,4,4,2,3,3,5,4,4,1,3,2,3,2.666666667,3.666666667
2086.mid,8,6,7,9,7,6,8,6,7,8,7,7,7.333333333,7
2087.mid,3,6,7,8,7,7,8,7,8,8,7,8,6.666666667,7.333333333
2088.mid,2,3,2,4,3,5,3,3,1,4,3,2,2.333333333,3.5
2089.mid,8,5,4,5,6,6,7,7,4,5,5,4,5.666666667,5.333333333
2090.mid,7,7,9,2,7,7,8,7,8,3,7,3,7.666666667,4.833333333
2091.mid,8,6,9,2,6,6,7,6,9,2,8,7,7.833333333,4.833333333
2092.mid,3,7,3,8,7,7,4,4,4,8,7,7,4.666666667,6.833333333
2093.mid,4,6,5,9,6,7,7,4,5,8,3,4,5,6.333333333
2094.mid,3,1,2,3,3,3,3,6,2,3,2,6,2.5,3.666666667
2095.mid,6,9,4,9,3,7,4,8,4,8,2,8,3.833333333,8.166666667
2096.mid,8,6,9,6,7,6,8,7,8,6,7,6,7.833333333,6.166666667
2097.mid,6,3,8,3,6,5,7,6,8,3,6,3,6.833333333,3.833333333
2098.mid,8,6,7,8,3,7,7,8,7,8,8,7,6.666666667,7.333333333
2099.mid,6,8,7,8,7,6,7,8,7,8,7,7,6.833333333,7.5
2100.mid,7,4,9,5,6,6,8,6,9,5,6,3,7.5,4.833333333
2101.mid,6,3,9,3,6,5,7,4,8,3,3,3,6.5,3.5
2102.mid,8,6,8,6,6,6,7,6,8,6,4,6,6.833333333,6
2103.mid,3,3,4,6,3,6,3,3,4,6,4,6,3.5,5
2104.mid,3,6,5,9,4,5,6,3,5,8,2,8,4.166666667,6.5
2105.mid,8,8,7,8,7,6,8,7,7,8,9,6,7.666666667,7.166666667
2106.mid,3,7,9,5,6,6,6,6,9,5,6,8,6.5,6.166666667
2107.mid,3,3,2,3,4,5,4,6,2,3,3,9,3,4.833333333
2108.mid,2,2,2,3,3,4,2,3,2,4,3,2,2.333333333,3
2109.mid,6,4,3,8,3,5,6,6,4,8,7,7,4.833333333,6.333333333
2110.mid,8,7,8,5,5,5,4,6,9,5,8,6,7,5.666666667
2111.mid,8,6,9,6,6,5,6,6,8,6,5,8,7,6.166666667
2112.mid,3,7,5,9,3,6,3,3,5,8,3,6,3.666666667,6.5
2113.mid,2,2,3,9,3,4,3,3,4,9,4,8,3.166666667,5.833333333
2114.mid,4,6,5,8,2,7,2,4,4,8,3,7,3.333333333,6.666666667
2115.mid,8,7,4,9,3,7,4,7,4,8,7,8,5,7.666666667
2116.mid,8,7,9,7,6,6,4,7,8,6,7,5,7,6.333333333
2117.mid,3,3,2,3,3,5,3,4,2,3,3,8,2.666666667,4.333333333
2118.mid,2,6,3,6,3,4,6,6,4,6,4,7,3.666666667,5.833333333
2119.mid,6,8,8,9,6,6,6,8,7,8,4,6,6.166666667,7.5
2120.mid,8,7,7,9,7,7,4,8,7,8,2,7,5.833333333,7.666666667
2121.mid,6,4,9,3,3,6,4,7,9,3,7,4,6.333333333,4.5
2122.mid,8,5,2,3,6,6,7,4,2,3,1,3,4.333333333,4
2123.mid,4,7,4,6,2,7,3,4,4,6,4,8,3.5,6.333333333
2124.mid,6,2,5,9,3,7,4,7,5,9,4,8,4.5,7
2125.mid,2,2,2,3,3,5,2,2,1,3,3,6,2.166666667,3.5
2126.mid,4,8,4,9,3,7,4,7,4,8,9,8,4.666666667,7.833333333
2127.mid,6,3,9,3,6,6,6,7,9,2,8,4,7.333333333,4.166666667
2128.mid,7,4,9,3,6,6,7,6,9,3,7,5,7.5,4.5
2129.mid,8,8,7,8,7,7,7,8,7,8,9,7,7.5,7.666666667
2130.mid,3,7,3,9,3,7,6,8,3,8,5,8,3.833333333,7.833333333
2131.mid,3,3,2,4,2,6,2,2,2,4,2,3,2.166666667,3.666666667
2132.mid,4,7,4,6,7,6,4,7,3,7,6,6,4.666666667,6.5
2133.mid,6,8,9,2,6,5,6,7,8,2,4,6,6.5,5
2134.mid,4,8,3,9,2,7,4,7,3,9,3,8,3.166666667,8
2135.mid,8,5,3,6,6,6,7,6,3,6,4,6,5.166666667,5.833333333
2136.mid,3,2,7,8,4,6,6,4,7,8,6,5,5.5,5.5
2137.mid,3,6,5,9,3,6,6,7,5,9,8,4,5,6.833333333
2138.mid,6,8,3,9,6,6,6,8,3,8,9,8,5.5,7.833333333
2139.mid,4,6,4,9,4,7,6,8,4,8,9,7,5.166666667,7.5
2140.mid,2,6,9,2,5,6,4,7,9,2,3,8,5.333333333,5.166666667
2141.mid,6,9,7,9,7,8,6,9,6,8,2,8,5.666666667,8.5
2142.mid,6,2,9,3,6,5,3,3,8,4,6,4,6.333333333,3.5
2143.mid,2,2,2,3,4,6,2,3,2,2,3,4,2.5,3.333333333
2144.mid,6,3,8,6,6,6,8,6,8,5,3,8,6.5,5.666666667
2145.mid,2,6,4,8,3,5,4,6,3,8,3,7,3.166666667,6.666666667
2146.mid,3,3,4,9,3,7,6,7,5,9,2,6,3.833333333,6.833333333
2147.mid,6,8,8,3,6,5,8,7,8,3,7,2,7.166666667,4.666666667
2148.mid,3,6,9,6,6,6,6,7,9,7,4,7,6.166666667,6.5
2149.mid,6,4,8,3,6,5,6,4,9,4,5,5,6.666666667,4.166666667
2150.mid,3,3,4,6,4,6,4,3,3,6,3,6,3.5,5
2151.mid,4,5,4,5,2,4,4,2,4,5,3,8,3.5,4.833333333
2152.mid,3,7,9,6,6,5,3,7,8,6,7,4,6,5.833333333
2153.mid,3,2,2,3,3,6,2,3,2,3,3,2,2.5,3.166666667
2154.mid,8,5,7,9,6,6,6,6,7,8,3,7,6.166666667,6.833333333
2155.mid,6,8,7,9,7,7,6,8,6,8,5,9,6.166666667,8.166666667
2156.mid,6,8,7,9,6,7,6,9,7,9,4,9,6,8.5
2157.mid,3,3,8,2,3,5,4,4,9,2,4,5,5.166666667,3.5
2158.mid,3,7,2,3,6,6,4,7,2,3,8,7,4.166666667,5.5
2159.mid,8,7,8,3,6,5,6,7,8,3,7,4,7.166666667,4.833333333
2160.mid,6,3,9,3,4,6,4,6,8,3,3,7,5.666666667,4.666666667
2161.mid,3,6,4,6,6,6,6,6,3,7,6,7,4.666666667,6.333333333
2162.mid,6,4,9,6,3,7,6,7,8,6,5,7,6.166666667,6.166666667
2163.mid,6,3,4,9,3,6,4,4,4,8,5,3,4.333333333,5.5
2164.mid,6,8,7,9,3,6,4,7,7,9,6,7,5.5,7.666666667
2165.mid,6,4,4,8,6,6,7,6,5,8,3,8,5.166666667,6.666666667
2166.mid,7,5,9,7,6,7,7,7,8,7,6,4,7.166666667,6.166666667
2167.mid,3,3,5,8,3,5,4,6,5,8,3,7,3.833333333,6.166666667
2168.mid,4,6,9,3,5,5,4,3,8,2,4,5,5.666666667,4
2169.mid,6,8,4,9,7,7,3,9,4,8,4,8,4.666666667,8.166666667
2170.mid,6,4,8,7,3,7,4,8,8,7,6,8,5.833333333,6.833333333
2171.mid,7,3,4,9,4,6,7,4,4,8,6,4,5.333333333,5.666666667
2172.mid,6,8,7,8,6,6,8,7,7,8,2,8,6,7.5
2173.mid,3,3,5,8,3,5,3,4,4,8,3,6,3.5,5.666666667
2174.mid,2,2,2,4,3,4,4,2,2,4,2,3,2.5,3.166666667
2175.mid,8,6,7,9,6,5,6,8,6,9,9,8,7,7.5
2176.mid,4,7,5,8,3,4,3,3,5,8,2,5,3.666666667,5.833333333
2177.mid,6,3,9,3,6,6,3,4,8,3,6,4,6.333333333,3.833333333
2178.mid,2,2,5,8,3,7,6,4,4,8,2,8,3.666666667,6.166666667
2179.mid,3,3,4,9,3,6,3,6,5,8,3,7,3.5,6.5
2180.mid,2,3,3,9,4,7,3,4,4,9,1,6,2.833333333,6.333333333
2181.mid,6,3,2,4,2,4,3,3,2,3,3,3,3,3.333333333
2182.mid,7,7,8,9,7,7,6,8,7,8,7,9,7,8
2183.mid,8,6,9,7,6,6,8,7,8,7,6,4,7.5,6.166666667
2184.mid,3,7,3,7,4,6,4,6,3,6,4,5,3.5,6.166666667
2185.mid,6,4,9,3,6,6,6,7,8,3,7,4,7,4.5
2186.mid,8,6,7,8,7,6,7,7,6,8,8,6,7.166666667,6.833333333
2187.mid,4,7,7,9,7,5,6,6,7,9,4,8,5.833333333,7.333333333
2188.mid,8,5,8,6,6,6,6,7,8,6,4,4,6.666666667,5.666666667
2189.mid,3,6,2,4,4,6,3,3,2,4,1,6,2.5,4.833333333
2190.mid,6,4,9,3,4,5,3,4,9,3,5,3,6,3.666666667
2191.mid,8,6,9,6,6,6,4,6,8,6,6,7,6.833333333,6.166666667
2192.mid,4,3,9,2,4,6,6,6,8,2,3,8,5.666666667,4.5
2193.mid,4,8,4,8,3,7,6,8,4,8,7,8,4.666666667,7.833333333
2194.mid,4,6,3,5,6,6,3,6,2,5,6,4,4,5.333333333
2195.mid,4,8,4,6,3,6,4,6,3,5,4,9,3.666666667,6.666666667
2196.mid,3,3,5,9,3,6,6,3,5,8,2,8,4,6.166666667
2197.mid,7,8,7,8,3,7,6,8,7,8,9,7,6.5,7.666666667
2198.mid,8,7,8,7,7,7,7,8,7,7,8,8,7.5,7.333333333
2199.mid,6,3,9,3,3,5,4,2,8,3,3,5,5.5,3.5
2200.mid,3,6,9,2,3,6,3,3,8,2,3,6,4.833333333,4.166666667
2201.mid,3,4,4,8,4,6,6,4,4,8,3,8,4,6.333333333
2202.mid,6,3,9,6,5,5,6,6,9,6,2,8,6.166666667,5.666666667
2203.mid,3,3,3,9,3,6,4,4,3,8,6,5,3.666666667,5.833333333
2204.mid,2,2,5,8,6,5,4,3,5,8,4,6,4.333333333,5.333333333
2205.mid,3,7,9,3,6,5,4,3,9,3,6,8,6.166666667,4.833333333
2206.mid,2,2,9,3,3,5,4,3,8,3,6,8,5.333333333,4
2207.mid,4,7,2,4,7,7,6,7,2,4,4,9,4.166666667,6.333333333
2208.mid,8,6,7,9,6,7,6,7,7,9,3,8,6.166666667,7.666666667
2209.mid,2,3,9,6,3,6,2,4,8,6,2,7,4.333333333,5.333333333
2210.mid,6,9,4,9,3,7,4,8,5,8,9,8,5.166666667,8.166666667
2211.mid,2,3,5,9,3,5,3,4,5,8,4,6,3.666666667,5.833333333
2212.mid,8,6,9,6,7,6,6,7,8,5,8,4,7.666666667,5.666666667
2213.mid,3,3,2,3,3,4,3,2,1,3,2,7,2.333333333,3.666666667
2214.mid,8,8,4,5,7,7,8,8,4,6,8,7,6.5,6.833333333
2215.mid,6,3,9,3,3,6,4,4,9,4,5,4,6,4
2216.mid,3,6,4,9,7,6,4,8,3,8,4,8,4.166666667,7.5
2217.mid,7,3,9,2,2,3,3,3,8,2,2,2,5.166666667,2.5
2218.mid,4,7,4,6,6,6,6,7,3,6,7,5,5,6.166666667
2219.mid,3,3,9,3,4,6,3,2,8,3,2,1,4.833333333,3
2220.mid,6,2,2,3,6,5,3,4,3,3,3,2,3.833333333,3.166666667
2221.mid,4,8,5,8,3,7,6,6,4,8,4,8,4.333333333,7.5
2222.mid,6,2,9,3,4,6,2,4,8,3,6,4,5.833333333,3.666666667
2223.mid,3,6,8,5,3,7,6,7,7,6,4,8,5.166666667,6.5
2224.mid,8,6,7,9,7,7,7,8,7,8,4,7,6.666666667,7.5
2225.mid,8,7,7,8,7,7,6,7,7,8,4,6,6.5,7.166666667
2226.mid,6,8,9,5,7,6,8,7,8,5,6,7,7.333333333,6.333333333
2227.mid,3,3,2,3,3,5,3,4,2,3,6,4,3.166666667,3.666666667
2228.mid,6,3,2,3,2,5,3,3,1,4,2,3,2.666666667,3.5
2229.mid,8,6,4,9,3,6,6,6,3,8,6,7,5,7
2230.mid,6,8,3,6,6,6,6,6,3,6,8,6,5.333333333,6.333333333
2231.mid,4,8,5,9,3,8,4,8,5,8,9,9,5,8.333333333
2232.mid,3,7,3,5,3,7,4,7,3,5,3,8,3.166666667,6.5
2233.mid,8,6,7,9,7,6,7,8,7,9,4,8,6.666666667,7.666666667
2234.mid,6,3,3,9,4,5,7,6,3,8,4,5,4.5,6
2235.mid,3,6,5,9,3,6,4,3,4,9,2,6,3.5,6.5
2236.mid,6,4,2,4,3,2,3,3,2,4,2,3,3,3.333333333
2237.mid,7,4,9,2,6,5,3,4,9,2,4,5,6.333333333,3.666666667
2238.mid,3,6,2,4,3,7,6,6,3,3,2,8,3.166666667,5.666666667
2239.mid,3,3,8,2,6,6,6,6,8,2,3,8,5.666666667,4.5
2240.mid,4,4,7,9,6,6,6,6,7,8,7,5,6.166666667,6.333333333
2241.mid,4,8,3,6,3,7,4,7,3,6,3,8,3.333333333,7
2242.mid,6,4,9,3,3,3,4,3,9,3,2,3,5.5,3.166666667
2243.mid,2,2,2,3,3,4,4,2,1,3,3,4,2.5,3
2244.mid,8,6,9,6,6,7,6,7,9,6,6,8,7.333333333,6.666666667
2245.mid,3,3,3,8,5,5,6,4,4,8,6,4,4.5,5.333333333
2246.mid,8,6,7,9,7,6,7,6,6,8,7,8,7,7.166666667
2247.mid,3,3,2,4,3,3,2,2,3,4,2,3,2.5,3.166666667
2248.mid,6,8,9,6,7,6,4,7,8,5,7,8,6.833333333,6.666666667
2249.mid,2,2,2,4,3,3,4,3,2,3,2,7,2.5,3.666666667
2250.mid,8,6,4,8,3,6,6,7,3,8,4,6,4.666666667,6.833333333
2251.mid,6,3,9,2,6,5,6,7,8,3,6,8,6.833333333,4.666666667
2252.mid,4,4,2,3,3,4,6,3,2,4,3,5,3.333333333,3.833333333
2253.mid,8,6,9,5,5,6,7,7,9,6,7,5,7.5,5.833333333
2254.mid,6,9,7,8,3,8,7,8,6,8,6,9,5.833333333,8.333333333
2255.mid,3,3,9,2,4,4,7,3,9,2,3,5,5.833333333,3.166666667
2256.mid,8,5,9,3,6,5,7,6,8,3,6,5,7.333333333,4.5
2257.mid,4,8,3,6,3,6,6,4,3,6,5,8,4,6.333333333
2258.mid,6,3,8,6,3,5,6,6,8,6,4,7,5.833333333,5.5
2259.mid,3,3,2,4,6,6,4,4,3,4,3,6,3.5,4.5
2260.mid,3,6,5,9,5,5,4,6,5,8,6,3,4.666666667,6.166666667
2261.mid,6,3,9,3,3,4,3,4,9,3,3,4,5.5,3.5
2262.mid,4,6,9,6,6,6,6,7,8,6,6,8,6.5,6.5
2263.mid,3,3,3,9,3,6,3,4,3,9,2,7,2.833333333,6.333333333
2264.mid,8,6,9,6,3,7,6,7,8,6,9,7,7.166666667,6.5
2265.mid,3,5,5,9,6,5,6,4,6,9,6,7,5.333333333,6.5
2266.mid,6,4,4,6,4,6,6,6,4,6,4,6,4.666666667,5.666666667
2267.mid,8,6,8,2,6,6,6,7,8,3,6,3,7,4.5
2268.mid,6,8,4,8,7,8,3,7,5,8,4,9,4.833333333,8
2269.mid,6,8,7,9,7,7,7,7,7,9,9,7,7.166666667,7.833333333
2270.mid,3,6,4,6,3,7,3,7,3,6,3,8,3.166666667,6.666666667
2271.mid,3,7,8,2,6,6,6,2,8,3,7,4,6.333333333,4
2272.mid,8,8,7,9,7,7,6,3,6,8,8,8,7,7.166666667
2273.mid,7,5,8,2,3,5,6,2,8,3,7,3,6.5,3.333333333
2274.mid,8,7,7,9,7,6,4,6,8,8,7,8,6.833333333,7.333333333
2275.mid,6,3,3,9,3,5,3,6,3,8,4,5,3.666666667,6
2276.mid,3,6,4,9,6,6,6,3,4,9,7,6,5,6.5
2277.mid,6,2,2,3,3,5,3,3,1,3,2,3,2.833333333,3.166666667
2278.mid,4,4,9,3,6,5,6,2,8,4,1,3,5.666666667,3.5
2279.mid,4,7,8,6,6,7,6,6,8,6,3,7,5.833333333,6.5
2280.mid,3,6,3,6,4,5,4,6,3,6,4,7,3.5,6
2281.mid,8,5,10,6,6,6,6,3,8,6,3,8,6.833333333,5.666666667
2282.mid,6,7,4,8,6,6,3,7,3,9,3,9,4.166666667,7.666666667
2283.mid,6,4,8,6,6,6,7,7,8,6,2,7,6.166666667,6
2284.mid,3,3,2,3,3,5,3,2,3,3,2,3,2.666666667,3.166666667
2285.mid,4,8,5,8,4,6,8,8,5,8,8,8,5.666666667,7.666666667
2286.mid,8,6,9,6,6,6,7,8,9,7,2,9,6.833333333,7
2287.mid,8,5,8,6,6,5,6,4,8,6,4,7,6.666666667,5.5
2288.mid,8,6,9,6,6,5,7,6,9,6,8,4,7.833333333,5.5
2289.mid,4,4,5,9,2,5,3,3,5,9,3,4,3.666666667,5.666666667
2290.mid,7,4,8,3,7,6,7,7,9,4,2,8,6.666666667,5.333333333
2291.mid,3,3,9,3,6,4,6,3,8,3,6,7,6.333333333,3.833333333
2292.mid,4,8,4,9,3,7,3,7,5,9,6,9,4.166666667,8.166666667
2293.mid,3,3,3,8,3,5,3,3,4,8,3,6,3.166666667,5.5
2294.mid,3,7,9,6,5,6,3,7,9,7,4,8,5.5,6.833333333
2295.mid,8,5,9,3,4,6,7,6,9,3,4,5,6.833333333,4.666666667
2296.mid,8,6,9,5,6,6,6,4,8,5,7,4,7.333333333,5
2297.mid,8,5,9,2,3,5,6,3,9,3,6,4,6.833333333,3.666666667
2298.mid,3,7,5,8,3,7,3,7,5,8,3,8,3.666666667,7.5
2299.mid,4,7,7,9,6,6,7,7,7,8,8,7,6.5,7.333333333
2300.mid,6,3,9,3,6,4,3,3,8,3,6,3,6.333333333,3.166666667
2301.mid,6,8,8,6,7,8,7,6,8,6,7,8,7.166666667,7
2302.mid,8,6,9,2,6,4,3,3,9,2,6,7,6.833333333,4
2303.mid,7,4,9,2,3,4,6,3,8,2,6,6,6.5,3.5
2304.mid,6,8,7,9,3,8,7,8,7,8,8,9,6.333333333,8.333333333
2305.mid,6,3,9,3,2,3,3,3,8,3,3,5,5.166666667,3.333333333
2306.mid,3,6,9,6,3,6,4,4,8,6,3,6,5,5.666666667
2307.mid,4,7,7,8,5,5,4,6,7,8,6,7,5.5,6.833333333
2308.mid,8,7,9,5,7,7,7,6,8,5,7,7,7.666666667,6.166666667
2309.mid,3,4,9,3,3,4,3,3,8,3,6,6,5.333333333,3.833333333
2310.mid,2,2,9,3,2,3,3,2,9,3,6,6,5.166666667,3.166666667
2311.mid,6,2,8,3,3,3,2,2,8,3,6,3,5.5,2.666666667
2312.mid,2,2,9,3,3,3,2,2,8,2,6,4,5,2.666666667
2313.mid,3,5,2,4,3,6,3,3,1,4,4,3,2.666666667,4.166666667
2314.mid,8,6,7,8,8,7,3,7,7,8,7,6,6.666666667,7
2315.mid,3,7,9,6,7,8,7,7,8,6,3,7,6.166666667,6.833333333
2316.mid,6,3,9,3,7,6,7,7,9,3,4,4,7,4.333333333
2317.mid,6,2,9,3,6,4,3,3,8,2,3,3,5.833333333,2.833333333
2318.mid,3,6,5,8,3,6,6,4,5,8,3,6,4.166666667,6.333333333
2319.mid,4,6,7,8,3,7,4,7,7,8,5,6,5,7
2320.mid,6,8,9,6,4,5,3,7,8,7,6,7,6,6.666666667
2321.mid,6,3,9,3,6,6,4,3,8,3,7,7,6.666666667,4.166666667
2322.mid,3,3,4,9,6,4,4,4,3,8,3,5,3.833333333,5.5
2323.mid,4,8,4,9,6,7,3,3,4,8,3,5,4,6.666666667
2324.mid,8,7,9,6,6,7,6,3,8,7,6,5,7.166666667,5.833333333
2325.mid,3,7,8,8,3,6,3,8,7,8,3,6,4.5,7.166666667
2326.mid,2,7,8,6,3,6,4,7,9,6,6,7,5.333333333,6.5
2327.mid,4,9,7,8,3,8,3,7,6,8,6,8,4.833333333,8
2328.mid,3,6,5,8,3,7,7,7,4,8,3,7,4.166666667,7.166666667
2329.mid,8,8,7,9,7,8,8,8,7,8,7,8,7.333333333,8.166666667
2330.mid,3,3,4,9,3,3,3,7,4,9,3,4,3.333333333,5.833333333
2331.mid,6,2,8,6,2,3,3,3,9,6,3,4,5.166666667,4
2332.mid,8,5,9,7,6,6,3,3,9,6,6,7,6.833333333,5.666666667
2333.mid,6,8,5,9,2,7,3,7,4,8,6,8,4.333333333,7.833333333
2334.mid,6,3,8,6,5,3,3,3,8,6,6,6,6,4.5
2335.mid,3,6,9,6,6,4,6,3,8,6,3,4,5.833333333,4.833333333
2336.mid,3,6,5,8,3,6,4,7,5,8,7,6,4.5,6.833333333
2337.mid,6,4,7,8,5,3,7,7,7,8,6,7,6.333333333,6.166666667
2338.mid,4,7,4,6,3,6,3,6,3,6,6,8,3.833333333,6.5
2339.mid,7,4,9,3,3,2,2,2,8,3,6,4,5.833333333,3
2340.mid,2,2,3,9,6,4,3,3,3,8,3,4,3.333333333,5
2341.mid,1,2,2,4,4,6,3,3,1,4,3,4,2.333333333,3.833333333
2342.mid,3,7,4,9,3,6,6,4,3,8,3,5,3.666666667,6.5
2343.mid,3,6,3,7,7,8,4,7,3,6,3,8,3.833333333,7
2344.mid,6,3,5,8,3,6,4,3,4,8,3,4,4.166666667,5.333333333
2345.mid,8,6,9,2,3,6,3,3,8,2,6,7,6.166666667,4.333333333
2346.mid,2,2,9,3,5,3,3,2,9,2,3,5,5.166666667,2.833333333
2347.mid,3,6,5,9,4,4,4,4,5,9,3,5,4,6.166666667
2348.mid,8,8,7,8,4,7,4,4,7,8,6,7,6,7
2349.mid,3,3,2,3,3,6,3,3,1,3,3,4,2.5,3.666666667
2350.mid,2,3,2,3,3,3,3,2,2,3,2,2,2.333333333,2.666666667
2351.mid,3,3,2,3,3,4,2,2,2,3,4,3,2.666666667,3
2352.mid,6,2,8,3,4,6,6,3,8,2,6,5,6.333333333,3.5
2353.mid,2,2,2,4,3,2,2,2,2,4,2,3,2.166666667,2.833333333
2354.mid,3,7,4,8,6,7,6,4,4,8,4,6,4.5,6.666666667
2355.mid,3,7,3,8,4,6,4,6,3,8,6,7,3.833333333,7
2356.mid,2,2,9,2,3,3,6,2,9,2,3,3,5.333333333,2.333333333
2357.mid,8,6,9,6,7,8,7,7,9,5,6,7,7.666666667,6.5
2358.mid,2,2,9,3,2,3,6,2,8,3,2,2,4.833333333,2.5
2359.mid,4,7,5,9,3,6,3,7,6,8,3,6,4,7.166666667
2360.mid,3,4,7,8,3,7,3,7,7,8,6,7,4.833333333,6.833333333
2361.mid,8,6,9,6,6,7,7,7,9,6,7,7,7.666666667,6.5
2362.mid,6,3,9,2,4,3,3,3,8,2,3,3,5.5,2.666666667
2363.mid,6,4,9,3,3,4,6,3,9,3,4,3,6.166666667,3.333333333
2364.mid,2,3,9,3,3,3,6,2,8,3,3,2,5.166666667,2.666666667
2365.mid,3,5,8,6,4,5,4,4,9,6,4,3,5.333333333,4.833333333
2366.mid,8,5,9,6,7,6,6,4,8,5,6,6,7.333333333,5.333333333
2367.mid,6,3,9,3,6,4,3,3,9,3,2,4,5.833333333,3.333333333
2368.mid,2,2,8,3,6,3,6,2,8,3,2,3,5.333333333,2.666666667
2369.mid,3,5,9,2,3,4,6,3,8,2,4,3,5.5,3.166666667
2370.mid,3,3,9,2,3,6,3,3,8,2,2,3,4.666666667,3.166666667
2371.mid,3,6,9,6,6,7,6,3,8,7,2,4,5.666666667,5.5
2372.mid,6,3,9,3,3,6,6,2,8,3,3,4,5.833333333,3.5
2373.mid,8,6,9,7,3,8,6,6,9,6,5,7,6.666666667,6.666666667
2374.mid,8,6,9,5,4,4,6,2,9,5,5,7,6.833333333,4.833333333
2375.mid,8,7,7,9,7,8,7,7,7,8,6,8,7,7.833333333
2376.mid,6,3,9,2,2,3,6,2,9,3,1,1,5.5,2.333333333
2377.mid,3,6,3,9,6,5,7,6,3,8,7,6,4.833333333,6.666666667
2378.mid,3,3,9,3,2,3,6,2,8,4,2,2,5,2.833333333
2379.mid,7,4,2,3,3,6,3,3,3,4,6,6,4,4.333333333
2380.mid,4,4,5,9,4,5,3,3,4,9,6,3,4.333333333,5.5
2381.mid,6,4,5,9,3,5,3,3,5,8,3,4,4.166666667,5.5
2382.mid,4,8,3,6,2,7,3,8,4,6,6,7,3.666666667,7
2383.mid,8,6,7,8,7,7,7,7,7,8,7,7,7.166666667,7.166666667
2384.mid,8,6,8,6,7,7,7,7,9,6,3,4,7,6
2385.mid,6,3,9,2,3,5,6,3,8,2,3,4,5.833333333,3.166666667
2386.mid,2,3,9,3,2,3,6,2,8,2,3,3,5,2.666666667
2387.mid,3,5,9,6,5,5,7,6,9,7,5,6,6.333333333,5.833333333
2388.mid,6,8,8,3,3,6,6,3,8,3,5,4,6,4.5
2389.mid,6,3,8,6,6,4,3,3,8,6,3,4,5.666666667,4.333333333
2390.mid,6,2,9,7,7,7,6,3,9,7,3,5,6.666666667,5.166666667
2391.mid,3,6,8,6,4,6,6,4,7,6,3,5,5.166666667,5.5
2392.mid,3,6,9,5,6,7,6,6,9,6,6,7,6.5,6.166666667
2393.mid,6,4,9,3,4,5,7,6,8,3,3,4,6.166666667,4.166666667
2394.mid,8,7,7,8,3,8,4,7,6,8,6,7,5.666666667,7.5
2395.mid,8,6,9,3,6,5,6,2,9,3,6,4,7.333333333,3.833333333
2396.mid,6,8,4,9,3,8,7,8,5,8,6,8,5.166666667,8.166666667
2397.mid,7,8,7,9,7,8,7,7,7,8,6,7,6.833333333,7.833333333
2398.mid,3,3,3,9,4,6,6,3,3,8,5,5,4,5.666666667
2399.mid,4,7,4,7,4,6,7,7,3,6,4,6,4.333333333,6.5
2400.mid,8,8,6,8,3,7,7,8,6,8,6,7,6,7.666666667
2401.mid,6,8,8,6,3,7,7,7,8,6,7,7,6.5,6.833333333
2402.mid,8,7,9,7,3,7,7,6,8,7,7,6,7,6.666666667
2403.mid,3,4,9,3,4,6,6,3,8,4,4,4,5.666666667,4
2404.mid,8,6,9,6,3,7,4,7,9,6,6,7,6.5,6.5
2405.mid,8,6,8,6,3,6,6,3,8,6,6,4,6.5,5.166666667
2406.mid,6,8,5,9,7,7,7,7,5,8,6,6,6,7.5
2407.mid,8,5,7,6,7,8,7,7,7,6,6,6,7,6.333333333
2408.mid,3,7,9,3,7,7,7,6,8,3,6,7,6.666666667,5.5
2409.mid,6,3,5,8,3,7,4,7,5,8,3,4,4.333333333,6.166666667
2410.mid,6,2,9,2,3,4,3,3,9,3,3,4,5.5,3
2411.mid,7,4,8,3,4,5,6,3,9,4,6,4,6.666666667,3.833333333
2412.mid,4,6,8,6,5,6,4,7,8,6,7,6,6,6.166666667
2413.mid,4,8,7,9,6,5,7,7,7,8,7,7,6.333333333,7.333333333
2414.mid,8,8,6,9,7,8,3,8,7,8,6,8,6.166666667,8.166666667
2415.mid,6,8,7,9,7,7,4,6,7,9,8,8,6.5,7.833333333
2416.mid,3,5,5,9,2,7,4,4,5,8,3,5,3.666666667,6.333333333
2417.mid,6,3,8,3,3,7,6,3,9,3,6,5,6.333333333,4
2418.mid,3,5,9,2,3,6,6,3,8,2,3,5,5.333333333,3.833333333
2419.mid,4,6,7,9,6,5,3,3,6,9,5,6,5.166666667,6.333333333
2420.mid,3,2,3,9,2,4,3,3,3,8,5,3,3.166666667,4.833333333
2421.mid,8,7,8,6,7,6,7,7,9,6,7,6,7.666666667,6.333333333
2422.mid,7,4,8,6,4,6,7,6,8,6,6,4,6.666666667,5.333333333
2423.mid,8,6,9,6,6,5,7,7,8,6,5,6,7.166666667,6
2424.mid,7,4,9,3,3,6,6,3,9,2,3,4,6.166666667,3.666666667
2425.mid,2,3,9,3,2,5,6,3,9,3,4,2,5.333333333,3.166666667
2426.mid,2,2,5,9,2,5,4,6,6,9,2,2,3.5,5.5
2427.mid,6,9,7,9,3,7,6,7,7,9,6,7,5.833333333,8
2428.mid,7,4,7,9,2,5,3,3,6,9,3,4,4.666666667,5.666666667
2429.mid,8,8,7,8,7,6,6,4,6,8,7,7,6.833333333,6.833333333
2430.mid,8,6,9,6,6,6,7,7,8,6,6,6,7.333333333,6.166666667
2431.mid,3,5,4,8,3,7,3,3,3,8,3,4,3.166666667,5.833333333
2432.mid,8,8,8,6,7,7,7,7,8,7,6,7,7.333333333,7
2433.mid,6,8,7,8,9,9,7,8,7,8,3,6,6.5,7.833333333
2434.mid,2,2,4,9,3,7,4,3,4,9,3,3,3.333333333,5.5
2435.mid,8,6,7,8,4,7,6,7,7,8,5,6,6.166666667,7
2436.mid,8,9,7,8,7,7,8,8,7,8,6,7,7.166666667,7.833333333
2437.mid,6,3,9,3,3,6,6,3,8,3,3,4,5.833333333,3.666666667
2438.mid,3,6,3,6,3,7,3,8,3,7,3,6,3,6.666666667
2439.mid,8,5,9,3,6,6,7,8,8,3,6,6,7.333333333,5.166666667
2440.mid,6,2,9,3,6,4,6,4,8,3,5,3,6.666666667,3.166666667
2441.mid,4,8,8,6,6,6,7,8,7,6,5,8,6.166666667,7
2442.mid,3,7,9,6,3,6,6,7,9,6,6,7,6,6.5
2443.mid,6,5,7,8,7,8,6,6,7,8,6,7,6.5,7
2444.mid,8,5,9,3,6,6,6,4,9,2,6,6,7.333333333,4.333333333
2445.mid,2,2,5,9,3,5,4,3,5,9,5,4,4,5.333333333
2446.mid,2,2,9,3,3,5,6,6,8,3,6,3,5.666666667,3.666666667
2447.mid,9,3,9,3,6,5,6,6,9,3,3,2,7,3.666666667
2448.mid,6,8,7,9,3,7,6,8,7,8,7,8,6,8
2449.mid,6,4,8,5,6,5,4,3,8,5,6,6,6.333333333,4.666666667
2450.mid,3,5,4,6,3,7,2,2,4,6,4,5,3.333333333,5.166666667
2451.mid,2,1,2,3,3,5,4,3,3,3,2,3,2.666666667,3
2452.mid,7,4,8,6,6,6,7,6,8,6,7,6,7.166666667,5.666666667
2453.mid,2,2,9,3,3,6,6,3,8,3,3,4,5.166666667,3.5
2454.mid,8,8,9,7,7,7,8,8,8,7,6,7,7.666666667,7.333333333
2455.mid,6,3,9,2,2,4,4,3,8,2,3,2,5.333333333,2.666666667
2456.mid,2,2,2,3,3,6,4,3,2,3,3,5,2.666666667,3.666666667
2457.mid,6,8,7,8,6,7,7,8,7,8,6,8,6.5,7.833333333
2458.mid,8,7,7,8,7,8,8,8,7,8,6,7,7.166666667,7.666666667
2459.mid,3,3,4,9,3,5,3,3,5,9,3,4,3.5,5.5
2460.mid,4,7,8,6,6,6,7,6,9,6,7,6,6.833333333,6.166666667
2461.mid,6,8,3,9,3,7,3,8,3,9,5,6,3.833333333,7.833333333
2462.mid,6,3,3,9,4,7,2,4,3,8,4,5,3.666666667,6
2463.mid,3,7,7,8,7,7,6,7,7,8,3,6,5.5,7.166666667
2464.mid,3,6,7,8,6,6,8,6,7,8,6,7,6.166666667,6.833333333
2465.mid,2,2,5,8,4,5,6,4,4,8,3,3,4,5
2466.mid,6,3,9,3,6,4,7,7,8,3,6,5,7,4.166666667
2467.mid,8,6,9,6,6,5,8,9,9,6,7,4,7.833333333,6
2468.mid,6,8,4,8,3,8,8,8,4,8,7,6,5.333333333,7.666666667
2469.mid,2,3,9,3,4,4,6,6,8,3,6,3,5.833333333,3.666666667
2470.mid,3,5,4,9,3,6,3,4,3,8,3,5,3.166666667,6.166666667
2471.mid,2,2,5,8,3,7,2,4,4,8,3,6,3.166666667,5.833333333
2472.mid,8,8,8,6,7,7,7,7,8,6,7,6,7.5,6.666666667
2473.mid,3,6,9,3,3,3,6,6,9,2,3,4,5.5,4
2474.mid,8,7,8,6,7,6,7,7,8,6,6,7,7.333333333,6.5
2475.mid,7,4,9,6,6,5,7,4,8,6,5,5,7,5
2476.mid,4,6,9,7,6,6,7,8,8,6,6,5,6.666666667,6.333333333
2477.mid,6,8,7,9,3,8,8,8,7,8,5,7,6,8
2478.mid,8,7,9,6,7,6,7,6,9,6,7,6,7.833333333,6.166666667
2479.mid,6,4,9,3,6,5,6,4,8,3,6,5,6.833333333,4
2480.mid,3,3,7,8,3,5,4,3,7,8,3,3,4.5,5
2481.mid,4,7,8,6,5,5,7,6,7,6,7,6,6.333333333,6
2482.mid,7,4,9,6,3,7,7,4,9,6,5,5,6.666666667,5.333333333
2483.mid,3,7,7,9,3,8,3,7,7,8,5,7,4.666666667,7.666666667
2484.mid,4,6,8,6,3,7,3,8,8,6,6,7,5.333333333,6.666666667
2485.mid,3,3,4,8,2,6,3,2,4,8,3,2,3.166666667,4.833333333
2486.mid,2,2,2,4,3,4,4,2,1,4,3,3,2.5,3.166666667
2487.mid,6,3,9,6,3,7,3,4,8,5,4,6,5.5,5.166666667
2488.mid,2,2,2,3,3,5,4,4,3,3,2,3,2.666666667,3.333333333
2489.mid,8,6,9,6,7,7,8,8,9,6,5,7,7.666666667,6.666666667
2490.mid,6,4,9,6,7,6,7,8,8,6,4,6,6.833333333,6
2491.mid,3,3,5,8,3,7,2,3,5,8,4,7,3.666666667,6
2492.mid,8,8,9,6,7,7,6,7,9,6,7,7,7.666666667,6.833333333
2493.mid,2,2,2,4,3,4,6,3,2,4,3,2,3,3.166666667
2494.mid,3,2,2,3,3,6,3,6,2,3,2,6,2.5,4.333333333
2495.mid,6,8,7,9,3,7,7,8,8,8,7,7,6.333333333,7.833333333
2496.mid,6,2,4,6,3,4,4,3,3,6,2,3,3.666666667,4
2497.mid,6,3,5,8,3,5,7,4,5,8,5,5,5.166666667,5.5
2498.mid,7,4,8,3,6,5,6,7,9,4,3,4,6.5,4.5
2499.mid,2,2,2,3,3,5,3,2,2,3,2,3,2.333333333,3
2500.mid,1,2,5,9,3,3,2,1,5,8,2,6,3,4.833333333
2501.mid,6,3,9,6,6,7,7,7,9,6,6,5,7.166666667,5.666666667
2502.mid,7,4,9,6,6,6,3,4,8,6,5,6,6.333333333,5.333333333
2503.mid,8,5,9,3,6,4,3,6,8,3,6,3,6.666666667,4
2504.mid,6,8,5,9,3,7,2,9,4,9,3,9,3.833333333,8.5
2505.mid,8,8,7,8,7,8,3,8,8,8,6,7,6.5,7.833333333
2506.mid,2,2,2,3,3,3,2,2,1,3,2,2,2,2.5
2507.mid,3,6,3,8,6,3,6,6,3,9,3,3,4,5.833333333
2508.mid,8,5,4,9,7,6,8,7,4,8,5,6,6,6.833333333
2509.mid,7,3,9,6,6,6,6,6,8,6,6,6,7,5.5
2510.mid,8,7,7,9,7,7,7,8,6,9,7,8,7,8
2511.mid,8,5,9,5,6,4,8,7,8,6,6,6,7.5,5.5
2512.mid,6,3,9,2,6,4,6,3,8,2,3,2,6.333333333,2.666666667
2513.mid,3,5,2,4,3,5,3,3,2,4,3,3,2.666666667,4
2514.mid,6,9,4,6,2,8,6,8,4,6,3,8,4.166666667,7.5
2515.mid,8,8,8,8,7,7,6,7,7,8,6,7,7,7.5
2516.mid,6,3,9,2,6,3,6,6,9,2,3,4,6.5,3.333333333
2517.mid,8,6,7,8,7,6,7,6,6,8,5,6,6.666666667,6.666666667
2518.mid,6,3,9,3,3,4,2,4,8,4,2,6,5,4
2519.mid,4,7,9,6,7,7,6,7,9,6,7,6,7,6.5
2520.mid,3,3,9,5,3,3,4,4,8,5,6,4,5.5,4
2521.mid,3,5,8,6,5,4,2,3,8,6,6,3,5.333333333,4.5
2522.mid,6,3,3,9,6,4,6,4,3,8,3,5,4.5,5.5
2523.mid,8,6,8,6,6,7,7,8,9,6,6,6,7.333333333,6.5
2524.mid,4,8,7,8,3,7,7,8,7,8,6,7,5.666666667,7.666666667
2525.mid,3,7,9,5,6,5,7,7,8,6,4,6,6.166666667,6
2526.mid,6,3,9,2,6,4,6,3,8,2,3,3,6.333333333,2.833333333
2527.mid,6,7,4,9,7,7,6,8,3,8,4,6,5,7.5
2528.mid,3,3,4,6,7,7,7,6,4,6,5,5,5,5.5
2529.mid,6,8,7,9,7,7,6,8,6,9,6,7,6.333333333,8
2530.mid,6,3,3,6,6,4,6,4,3,7,3,5,4.5,4.833333333
2531.mid,7,4,9,5,6,6,7,7,8,6,7,6,7.333333333,5.666666667
2532.mid,6,8,8,6,3,6,8,8,8,6,7,7,6.666666667,6.833333333
2533.mid,8,6,5,9,6,6,7,8,5,8,6,7,6.166666667,7.333333333
2534.mid,8,7,7,9,8,7,6,8,7,8,5,7,6.833333333,7.666666667
2535.mid,2,2,2,7,6,3,4,3,2,7,3,2,3.166666667,4
2536.mid,6,3,9,6,7,7,7,6,9,6,6,6,7.333333333,5.666666667
2537.mid,2,6,9,6,6,7,6,7,9,6,6,4,6.333333333,6
2538.mid,6,4,9,6,3,4,6,6,8,6,3,4,5.833333333,5
2539.mid,4,6,3,6,6,3,6,6,3,5,3,5,4.166666667,5.166666667
2540.mid,4,8,7,9,7,8,7,8,8,8,6,7,6.5,8
2541.mid,3,5,9,3,6,4,6,6,9,4,6,3,6.5,4.166666667
2542.mid,2,6,9,7,6,5,4,4,9,7,4,6,5.666666667,5.833333333
2543.mid,2,2,2,4,3,4,6,3,2,4,6,3,3.5,3.333333333
2544.mid,1,2,2,4,6,4,4,4,1,4,3,5,2.833333333,3.833333333
2545.mid,3,7,9,5,3,7,4,7,8,5,7,7,5.666666667,6.333333333
2546.mid,6,3,9,3,3,2,6,3,8,3,2,2,5.666666667,2.666666667
2547.mid,8,8,7,8,6,7,6,7,8,8,5,6,6.666666667,7.333333333
2548.mid,8,6,7,8,7,7,7,8,7,8,3,6,6.5,7.166666667
2549.mid,6,8,7,8,8,8,7,9,7,8,7,7,7,8
2550.mid,3,3,9,6,6,3,3,4,8,6,5,6,5.666666667,4.666666667
2551.mid,3,6,9,7,6,7,7,7,8,7,6,7,6.5,6.833333333
2552.mid,8,6,8,5,6,7,7,8,8,6,4,7,6.833333333,6.5
2553.mid,2,2,2,7,3,3,3,4,2,7,2,3,2.333333333,4.333333333
2554.mid,8,8,9,6,7,7,7,8,8,6,7,7,7.666666667,7
2555.mid,8,7,9,7,7,6,7,7,9,7,7,7,7.833333333,6.833333333
2556.mid,6,2,2,3,3,3,3,2,3,2,3,3,3.333333333,2.5
2557.mid,4,4,9,2,6,4,3,4,9,2,4,5,5.833333333,3.5
2558.mid,2,2,2,4,3,3,3,3,2,3,2,2,2.333333333,2.833333333
2559.mid,7,4,8,3,6,4,7,7,8,3,6,6,7,4.5
2560.mid,3,3,2,3,5,3,4,4,1,3,3,3,3,3.166666667
2561.mid,3,6,5,9,3,3,3,4,5,9,4,5,3.833333333,6
2562.mid,6,3,3,6,6,4,7,7,3,5,5,6,5,5.166666667
2563.mid,8,6,9,6,7,6,7,7,8,6,6,6,7.5,6.166666667
2564.mid,2,2,2,3,3,2,6,3,2,3,3,2,3,2.5
2565.mid,8,6,7,8,6,6,7,6,7,8,7,6,7,6.666666667
2566.mid,6,8,8,6,7,6,7,8,9,5,7,7,7.333333333,6.666666667
2567.mid,6,3,2,3,3,2,3,4,2,3,2,2,3,2.833333333
2568.mid,3,6,2,4,3,7,6,7,2,4,3,6,3.166666667,5.666666667
2569.mid,8,7,7,9,3,6,8,7,6,8,6,7,6.333333333,7.333333333
2570.mid,8,6,8,7,7,6,6,8,8,6,7,6,7.333333333,6.5
2571.mid,3,4,4,6,3,3,4,4,4,6,6,7,4,5
2572.mid,6,7,5,9,6,5,4,8,5,9,3,5,4.833333333,7.166666667
2573.mid,3,5,9,2,6,5,6,6,9,3,3,4,6,4.166666667
2574.mid,8,6,8,7,7,7,6,8,7,7,4,7,6.666666667,7
2575.mid,6,3,4,9,3,5,6,7,3,8,6,8,4.666666667,6.666666667
2576.mid,2,3,2,3,6,3,7,6,1,4,5,6,3.833333333,4.166666667
2577.mid,6,8,4,9,7,7,7,8,4,8,6,6,5.666666667,7.666666667
2578.mid,7,4,9,3,3,3,7,6,9,3,6,3,6.833333333,3.666666667
2579.mid,8,8,7,8,7,8,4,4,6,8,8,9,6.666666667,7.5
2580.mid,2,4,2,3,3,6,6,6,2,3,6,7,3.5,4.833333333
2581.mid,3,2,4,6,2,4,3,6,4,6,1,1,2.833333333,4.166666667
2582.mid,8,7,8,6,6,7,8,8,8,6,3,4,6.833333333,6.333333333
2583.mid,6,4,9,6,5,5,7,8,8,6,5,5,6.666666667,5.666666667
2584.mid,4,8,3,9,3,4,6,8,3,9,6,6,4.166666667,7.333333333
2585.mid,4,8,9,6,3,6,7,7,9,6,3,4,5.833333333,6.166666667
2586.mid,7,4,9,6,7,7,7,4,8,6,3,5,6.833333333,5.333333333
2587.mid,3,3,9,6,4,6,6,6,9,6,5,4,6,5.166666667
2588.mid,8,5,9,6,7,7,3,4,9,5,6,7,7,5.666666667
2589.mid,8,6,7,8,3,7,7,8,7,8,6,7,6.333333333,7.333333333
2590.mid,7,4,8,6,3,4,7,7,8,6,6,7,6.5,5.666666667
2591.mid,3,3,2,4,5,5,3,3,2,3,3,3,3,3.5
2592.mid,6,2,2,3,3,6,6,4,2,3,2,2,3.5,3.333333333
2593.mid,3,2,5,9,6,5,3,4,5,8,5,6,4.5,5.666666667
2594.mid,3,7,9,6,7,6,6,7,9,6,3,6,6.166666667,6.333333333
2595.mid,3,3,9,3,3,6,7,4,8,2,6,4,6,3.666666667
2596.mid,2,2,4,9,4,6,3,7,4,8,3,3,3.333333333,5.833333333
2597.mid,2,2,5,8,6,4,4,4,5,8,5,6,4.5,5.333333333
2598.mid,8,7,9,6,7,8,6,8,8,6,6,7,7.333333333,7
2599.mid,8,6,7,8,3,7,7,8,6,8,6,6,6.166666667,7.166666667
2600.mid,3,6,7,8,6,4,6,7,7,8,5,2,5.666666667,5.833333333
2601.mid,8,6,6,6,6,6,4,6,8,3,5,6,6.166666667,5.5
2602.mid,3,7,6,7,6,7,6,7,6,7,5,7,5.333333333,7
2603.mid,6,4,6,4,6,4,7,4,8,3,5,6,6.333333333,4.166666667
2604.mid,3,3,6,3,6,3,6,6,9,3,3,4,5.5,3.666666667
2605.mid,8,7,8,7,8,7,4,7,8,6,6,7,7,6.833333333
2606.mid,3,6,3,4,3,4,3,4,4,6,3,4,3.166666667,4.666666667
2607.mid,4,8,3,7,3,7,2,7,5,8,6,7,3.833333333,7.333333333
2608.mid,6,2,6,3,6,3,7,6,9,2,6,4,6.666666667,3.333333333
2609.mid,2,2,6,4,6,4,6,3,8,5,3,3,5.166666667,3.5
2610.mid,3,7,6,6,6,6,6,6,8,7,5,6,5.666666667,6.333333333
2611.mid,6,8,3,6,3,6,6,4,8,5,7,7,5.5,6
2612.mid,4,7,3,7,3,7,6,8,7,8,6,8,4.833333333,7.5
2613.mid,3,3,3,3,3,3,3,2,9,3,3,3,4,2.833333333
2614.mid,6,3,6,4,6,4,6,3,9,2,3,4,6,3.333333333
2615.mid,8,6,7,6,7,6,6,7,9,6,6,5,7.166666667,6
2616.mid,2,3,3,6,3,6,4,6,9,3,3,4,4,4.666666667
2617.mid,8,8,7,7,7,7,4,8,7,8,6,7,6.5,7.5
2618.mid,4,2,5,3,5,3,3,2,2,3,2,2,3.5,2.5
2619.mid,6,8,6,7,6,7,6,7,7,8,6,8,6.166666667,7.5
2620.mid,7,3,6,3,6,3,3,6,8,2,5,6,5.833333333,3.833333333
2621.mid,6,4,3,4,3,4,6,3,8,6,3,2,4.833333333,3.833333333
2622.mid,4,7,6,6,6,6,6,7,7,8,3,6,5.333333333,6.666666667
2623.mid,3,3,3,2,3,2,2,2,2,4,2,2,2.5,2.5
2624.mid,8,5,7,7,7,7,6,7,8,6,6,7,7,6.5
2625.mid,6,9,3,8,3,8,4,9,7,9,5,8,4.666666667,8.5
2626.mid,8,7,7,6,7,6,4,7,8,6,7,6,6.833333333,6.333333333
2627.mid,3,7,3,6,3,6,4,3,3,6,6,6,3.666666667,5.666666667
2628.mid,3,3,3,3,3,3,3,4,4,8,5,6,3.5,4.5
2629.mid,2,4,7,7,7,7,3,7,3,8,4,7,4.333333333,6.666666667
2630.mid,7,3,6,4,6,4,4,4,4,7,5,6,5.333333333,4.666666667
2631.mid,7,2,3,2,3,2,4,2,8,3,2,1,4.5,2
2632.mid,7,9,3,7,3,7,6,8,6,8,5,8,5,7.833333333
2633.mid,8,5,7,7,7,7,6,6,7,8,6,5,6.833333333,6.333333333
2634.mid,8,6,6,6,6,6,6,7,8,6,5,5,6.5,6
2635.mid,7,4,6,4,6,4,6,4,8,6,3,3,6,4.166666667
2636.mid,7,8,7,7,7,7,6,8,9,6,4,6,6.666666667,7
2637.mid,4,8,3,6,3,6,6,6,8,6,6,6,5,6.333333333
2638.mid,3,6,6,4,6,4,4,3,8,3,6,3,5.5,3.833333333
2639.mid,6,3,5,3,5,3,6,6,8,5,5,6,5.833333333,4.333333333
2640.mid,2,2,3,4,3,4,3,4,2,4,3,5,2.666666667,3.833333333
2641.mid,8,7,7,7,7,7,6,8,7,8,7,6,7,7.166666667
2642.mid,2,6,2,7,2,7,4,8,3,8,3,6,2.666666667,7
2643.mid,4,3,3,7,3,7,4,3,4,8,6,4,4,5.333333333
2644.mid,6,8,7,8,7,8,4,8,9,5,6,7,6.5,7.333333333
2645.mid,8,8,3,6,3,6,4,9,6,9,5,8,4.833333333,7.666666667
2646.mid,6,2,3,4,3,4,6,3,9,3,4,3,5.166666667,3.166666667
2647.mid,8,5,4,7,4,7,6,4,8,7,6,6,6,6
2648.mid,3,6,3,6,3,6,3,3,8,4,2,3,3.666666667,4.666666667
2649.mid,8,6,4,5,4,5,6,4,8,6,3,5,5.5,5.166666667
2650.mid,3,3,3,4,3,4,6,4,9,3,3,3,4.5,3.5
2651.mid,2,2,6,4,6,4,4,4,3,7,4,5,4.166666667,4.333333333
2652.mid,1,2,3,2,3,2,2,2,2,4,1,3,2,2.5
2653.mid,6,3,6,3,6,3,3,2,8,3,2,3,5.166666667,2.833333333
2654.mid,8,6,8,7,8,7,6,7,8,6,7,6,7.5,6.5
2655.mid,4,8,3,7,3,7,6,8,7,8,6,7,4.833333333,7.5
2656.mid,3,6,6,5,6,5,6,4,8,5,6,6,5.833333333,5.166666667
2657.mid,8,8,7,7,7,7,4,8,9,7,7,8,7,7.5
2658.mid,6,9,3,6,3,6,4,8,7,9,5,9,4.666666667,7.833333333
2659.mid,8,5,6,3,6,3,6,6,8,3,4,5,6.333333333,4.166666667
2660.mid,2,2,4,6,4,6,3,3,5,8,3,4,3.5,4.833333333
2661.mid,6,3,6,4,6,4,6,4,8,6,6,3,6.333333333,4
2662.mid,3,3,5,3,5,3,4,3,9,3,3,4,4.833333333,3.166666667
2663.mid,3,7,3,8,3,8,6,8,7,8,6,7,4.666666667,7.666666667
2664.mid,3,6,6,4,6,4,6,7,5,8,4,6,5,5.833333333
2665.mid,8,8,3,7,3,7,4,8,9,6,6,8,5.5,7.333333333
2666.mid,8,8,7,7,7,7,7,8,8,7,7,8,7.333333333,7.5
2667.mid,2,2,3,4,3,4,6,2,4,8,3,2,3.5,3.666666667
2668.mid,4,7,4,6,4,6,6,7,4,6,6,7,4.666666667,6.5
2669.mid,2,3,3,3,3,3,3,3,9,2,3,4,3.833333333,3
2670.mid,8,6,7,7,7,7,4,8,8,8,6,7,6.666666667,7.166666667
2671.mid,6,2,3,2,3,2,3,3,9,3,6,3,5,2.5
2672.mid,3,7,6,7,6,7,6,6,4,6,7,6,5.333333333,6.5
2673.mid,4,7,7,8,7,8,6,7,7,8,6,8,6.166666667,7.666666667
2674.mid,3,3,3,2,3,2,3,2,8,2,3,2,3.833333333,2.166666667
2675.mid,8,8,7,7,7,7,6,7,9,6,7,7,7.333333333,7
2676.mid,6,8,3,7,3,7,4,7,7,8,5,7,4.666666667,7.333333333
2677.mid,4,8,7,7,7,7,4,7,5,8,4,6,5.166666667,7.166666667
2678.mid,3,7,6,5,6,5,4,6,8,7,3,4,5,5.666666667
2679.mid,3,2,3,6,3,6,2,3,2,3,4,5,2.833333333,4.166666667
2680.mid,6,3,6,4,6,4,6,6,9,6,4,6,6.166666667,4.833333333
2681.mid,6,9,6,7,6,7,6,8,4,9,8,8,6,8
2682.mid,3,7,6,6,6,6,6,8,3,8,7,7,5.166666667,7
2683.mid,6,4,6,4,6,4,7,6,2,4,6,7,5.5,4.833333333
2684.mid,2,2,3,3,3,3,6,1,2,3,3,4,3.166666667,2.666666667
2685.mid,3,4,3,6,3,6,3,4,5,8,3,5,3.333333333,5.5
2686.mid,6,8,6,7,6,7,4,7,7,9,6,7,5.833333333,7.5
2687.mid,3,5,6,4,6,4,3,4,1,4,3,4,3.666666667,4.166666667
2688.mid,4,7,6,3,6,3,6,3,2,7,4,3,4.666666667,4.333333333
2689.mid,6,3,2,4,2,4,4,6,8,2,4,6,4.333333333,4.166666667
2690.mid,3,7,4,6,4,6,3,7,7,8,6,7,4.5,6.833333333
2691.mid,8,6,7,7,7,7,6,7,7,8,6,8,6.833333333,7.166666667
2692.mid,7,3,6,3,6,3,7,4,9,3,3,4,6.333333333,3.333333333
2693.mid,8,7,3,6,3,6,6,6,7,8,6,6,5.5,6.5
2694.mid,2,2,4,3,4,3,4,4,9,4,4,3,4.5,3.166666667
2695.mid,8,8,7,7,7,7,4,7,7,9,7,8,6.666666667,7.666666667
2696.mid,8,7,7,8,7,8,7,9,8,9,6,8,7.166666667,8.166666667
2697.mid,3,6,6,6,6,6,4,6,8,8,6,7,5.5,6.5
2698.mid,6,2,4,4,4,4,4,3,8,3,6,3,5.333333333,3.166666667
2699.mid,2,2,6,3,6,3,3,4,8,5,3,5,4.666666667,3.666666667
2700.mid,6,3,6,3,6,3,3,3,8,3,6,4,5.833333333,3.166666667
2701.mid,4,7,6,6,6,6,3,7,5,8,6,7,5,6.833333333
2702.mid,8,6,6,6,6,6,6,6,8,5,7,6,6.833333333,5.833333333
2703.mid,3,6,6,4,6,4,4,6,9,5,7,6,5.833333333,5.166666667
2704.mid,4,3,7,6,7,6,3,6,7,6,3,4,5.166666667,5.166666667
2705.mid,2,4,4,6,4,6,4,4,3,6,5,5,3.666666667,5.166666667
2706.mid,6,3,3,4,3,4,3,3,9,3,6,7,5,4
2707.mid,6,8,3,6,3,6,7,6,9,6,4,6,5.333333333,6.333333333
2708.mid,7,3,6,4,6,4,6,6,8,2,6,4,6.5,3.833333333
2709.mid,3,5,4,4,4,4,6,3,2,4,3,3,3.666666667,3.833333333
2710.mid,3,7,3,6,3,6,4,6,4,8,6,7,3.833333333,6.666666667
2711.mid,4,7,6,7,6,7,7,6,8,5,6,6,6.166666667,6.333333333
2712.mid,6,3,6,5,6,5,6,3,8,5,6,5,6.333333333,4.333333333
2713.mid,8,6,6,7,6,7,7,6,8,6,7,7,7,6.5
2714.mid,4,4,3,3,3,3,6,4,9,2,3,4,4.666666667,3.333333333
2715.mid,6,8,7,7,7,7,6,7,7,8,7,6,6.666666667,7.166666667
2716.mid,3,6,6,3,6,3,4,6,8,3,2,4,4.833333333,4.166666667
2717.mid,4,8,3,6,3,6,7,7,5,8,6,7,4.666666667,7
2718.mid,8,6,6,4,6,4,7,6,8,6,7,6,7,5.333333333
2719.mid,6,8,6,7,6,7,4,6,3,5,6,8,5.166666667,6.833333333
2720.mid,6,2,3,6,3,6,7,4,2,4,3,4,4,4.333333333
2721.mid,3,4,3,6,3,6,7,7,8,3,7,6,5.166666667,5.333333333
2722.mid,6,8,3,6,3,6,6,7,9,5,6,7,5.5,6.5
2723.mid,4,8,7,7,7,7,4,8,4,8,6,7,5.333333333,7.5
2724.mid,6,3,6,3,6,3,4,6,9,6,4,4,5.833333333,4.166666667
2725.mid,3,3,3,3,3,3,3,3,8,7,3,4,3.833333333,3.833333333
2726.mid,6,4,6,6,6,6,6,6,8,7,6,6,6.333333333,5.833333333
2727.mid,8,7,6,3,6,3,6,6,9,3,6,7,6.833333333,4.833333333
2728.mid,2,2,6,3,6,3,6,6,9,3,7,5,6,3.666666667
2729.mid,4,8,7,7,7,7,4,7,9,2,7,8,6.333333333,6.5
2730.mid,3,7,7,8,7,8,6,8,7,8,6,7,6,7.666666667
2731.mid,8,7,8,8,8,8,6,7,8,6,8,7,7.666666667,7.166666667
2732.mid,6,2,5,3,5,3,6,2,8,3,5,4,5.833333333,2.833333333
2733.mid,8,6,6,6,6,6,6,6,4,6,5,6,5.833333333,6
2734.mid,2,2,6,3,6,3,6,6,8,5,3,5,5.166666667,4
2735.mid,8,6,7,6,7,6,6,3,9,5,6,7,7.166666667,5.5
2736.mid,6,3,4,4,4,4,6,3,8,4,3,4,5.166666667,3.666666667
2737.mid,2,3,5,4,5,4,6,2,2,4,2,2,3.666666667,3.166666667
2738.mid,8,6,6,3,6,3,6,2,9,5,7,6,7,4.166666667
2739.mid,8,8,7,6,7,6,6,3,6,8,6,7,6.666666667,6.333333333
2740.mid,8,6,3,4,3,4,6,2,9,3,6,7,5.833333333,4.333333333
2741.mid,4,8,2,8,2,8,3,7,3,6,6,9,3.333333333,7.666666667
2742.mid,7,3,3,2,3,2,6,2,8,3,3,3,5,2.5
2743.mid,8,6,3,6,3,6,6,2,9,6,6,6,5.833333333,5.333333333
2744.mid,6,4,7,7,7,7,3,3,8,2,6,4,6.166666667,4.5
2745.mid,3,6,6,6,6,6,6,2,8,3,5,4,5.666666667,4.5
2746.mid,2,2,5,5,5,5,6,3,1,5,5,3,4,3.833333333
2747.mid,2,2,4,6,4,6,4,6,8,6,3,5,4.166666667,5.166666667
2748.mid,3,3,3,2,3,2,6,2,8,3,3,2,4.333333333,2.333333333
2749.mid,3,7,7,7,7,7,6,3,4,6,6,7,5.5,6.166666667
2750.mid,3,5,6,7,6,7,4,7,3,6,5,6,4.5,6.333333333
2751.mid,4,4,7,7,7,7,7,6,9,6,7,6,6.833333333,6
2752.mid,6,3,6,4,6,4,6,3,8,6,3,4,5.833333333,4
2753.mid,6,3,6,3,6,3,6,2,9,2,4,3,6.166666667,2.666666667
2754.mid,4,6,3,4,3,4,6,3,8,6,5,6,4.833333333,4.833333333
2755.mid,3,7,4,6,4,6,4,6,7,8,3,6,4.166666667,6.5
2756.mid,2,3,3,4,3,4,3,4,3,8,2,2,2.666666667,4.166666667
2757.mid,8,6,3,2,3,2,6,2,9,2,6,3,5.833333333,2.833333333
2758.mid,3,5,3,5,3,5,3,4,9,3,5,6,4.333333333,4.666666667
2759.mid,8,7,7,7,7,7,6,7,8,7,6,7,7,7
2760.mid,4,8,4,6,4,6,3,7,7,8,5,4,4.5,6.5
2761.mid,7,3,7,6,7,6,6,3,9,3,5,6,6.833333333,4.5
2762.mid,6,2,2,3,2,3,3,3,8,3,2,2,3.833333333,2.666666667
2763.mid,2,3,6,6,6,6,3,3,8,2,3,5,4.666666667,4.166666667
2764.mid,4,7,2,7,2,7,3,7,3,7,6,6,3.333333333,6.833333333
2765.mid,6,7,7,7,7,7,4,6,8,6,7,7,6.5,6.666666667
2766.mid,3,6,4,5,4,5,3,6,4,8,3,4,3.5,5.666666667
2767.mid,2,2,3,3,3,3,3,3,2,2,3,2,2.666666667,2.5
2768.mid,3,5,4,5,4,5,6,3,4,6,5,4,4.333333333,4.666666667
2769.mid,8,7,7,8,7,8,7,7,8,6,7,6,7.333333333,7
2770.mid,6,8,8,8,8,8,7,7,8,8,6,8,7.166666667,7.833333333
2771.mid,6,4,5,2,5,2,6,2,8,3,4,3,5.666666667,2.666666667
2772.mid,8,7,8,7,8,7,7,7,8,5,7,6,7.666666667,6.5
2773.mid,7,3,6,6,6,6,3,3,1,3,3,4,4.333333333,4.166666667
2774.mid,3,5,6,4,6,4,3,6,4,9,4,2,4.333333333,5
2775.mid,6,8,7,8,7,8,4,7,7,8,6,8,6.166666667,7.833333333
2776.mid,7,9,2,8,2,8,4,7,7,8,6,8,4.666666667,8
2777.mid,8,7,8,7,8,7,7,7,7,8,7,7,7.5,7.166666667
2778.mid,8,6,6,3,6,3,6,3,9,6,6,4,6.833333333,4.166666667
2779.mid,3,7,3,6,3,6,6,3,3,9,4,6,3.666666667,6.166666667
2780.mid,3,4,2,3,2,3,6,3,8,3,6,4,4.5,3.333333333
2781.mid,6,3,6,5,6,5,6,3,8,3,4,4,6,3.833333333
2782.mid,3,3,5,3,5,3,6,2,2,3,3,2,4,2.666666667
2783.mid,7,3,7,7,7,7,6,4,3,6,4,7,5.666666667,5.666666667
2784.mid,4,8,7,8,7,8,4,6,4,6,6,8,5.333333333,7.333333333
2785.mid,6,2,6,4,6,4,3,3,8,6,6,4,5.833333333,3.833333333
2786.mid,8,8,8,7,8,7,7,7,9,7,7,8,7.833333333,7.333333333
2787.mid,2,2,3,3,3,3,6,3,2,8,3,2,3.166666667,3.5
2788.mid,3,7,7,8,7,8,6,7,5,9,6,7,5.666666667,7.666666667
2789.mid,4,6,3,6,3,6,6,4,4,8,6,5,4.333333333,5.833333333
2790.mid,4,7,6,7,6,7,6,4,3,6,4,6,4.833333333,6.166666667
2791.mid,2,2,6,6,6,6,6,3,8,6,3,4,5.166666667,4.5
2792.mid,1,3,6,4,6,4,6,3,2,3,3,5,4,3.666666667
2793.mid,3,6,3,7,3,7,6,6,4,5,3,5,3.666666667,6
2794.mid,2,2,4,6,4,6,6,3,6,5,5,4,4.5,4.333333333
2795.mid,4,7,3,7,3,7,4,6,6,8,3,6,3.833333333,6.833333333
2796.mid,6,8,8,8,8,8,3,7,6,8,6,7,6.166666667,7.666666667
2797.mid,7,3,6,2,6,2,3,3,9,3,6,3,6.166666667,2.666666667
2798.mid,7,4,3,5,7,5,7,6,8,8,6,6,6.333333333,5.666666667
2799.mid,3,6,6,6,6,6,7,7,6,6,3,4,5.166666667,5.833333333
2800.mid,2,3,4,6,4,6,4,4,7,7,6,6,4.5,5.333333333
2801.mid,6,9,2,7,2,7,7,7,9,6,6,7,5.333333333,7.166666667
2802.mid,4,8,3,7,3,7,7,7,7,8,6,8,5,7.5
2803.mid,8,6,8,7,8,7,7,7,7,8,6,7,7.333333333,7
2804.mid,3,6,4,7,4,7,6,3,3,6,3,5,3.833333333,5.666666667
2805.mid,8,8,7,7,7,7,6,4,7,8,5,7,6.666666667,6.833333333
2806.mid,7,4,7,7,7,7,6,3,8,6,6,7,6.833333333,5.666666667
2807.mid,6,3,7,6,7,6,6,3,8,2,6,6,6.666666667,4.333333333
2808.mid,8,8,7,8,7,8,7,6,8,6,5,7,7,7.166666667
2809.mid,8,6,6,3,6,3,3,3,8,3,4,6,5.833333333,4
2810.mid,3,3,6,5,6,5,3,2,3,4,4,3,4.166666667,3.666666667
2811.mid,3,2,4,6,4,6,3,3,9,7,6,4,4.833333333,4.666666667
2812.mid,2,2,3,6,3,6,3,4,2,3,5,7,3,4.666666667
2813.mid,6,3,4,6,4,6,6,3,8,3,3,6,5.166666667,4.5
2814.mid,3,2,6,5,6,5,6,3,5,9,3,4,4.833333333,4.666666667
2815.mid,8,7,7,7,7,7,7,6,9,5,6,7,7.333333333,6.5
2816.mid,7,8,2,8,2,8,4,8,7,8,6,8,4.666666667,8
2817.mid,2,4,3,3,3,3,3,3,2,4,4,2,2.833333333,3.166666667
2818.mid,3,6,7,7,7,7,4,3,5,9,3,4,4.833333333,6
2819.mid,6,2,6,5,6,5,6,3,8,3,6,5,6.333333333,3.833333333
2820.mid,3,6,7,7,7,7,4,6,5,4,4,6,5,6
2821.mid,7,3,6,5,6,5,6,4,9,3,3,4,6.166666667,4
2822.mid,4,8,3,7,3,7,3,7,7,8,4,6,4,7.166666667
2823.mid,6,9,3,8,3,8,4,7,5,8,5,8,4.333333333,8
2824.mid,2,3,3,6,3,6,3,3,8,5,3,2,3.666666667,4.166666667
2825.mid,4,8,3,7,3,7,4,7,9,6,5,7,4.666666667,7
2826.mid,2,2,2,4,2,4,3,3,9,2,3,3,3.5,3
2827.mid,8,6,6,5,6,5,4,6,5,8,6,7,5.833333333,6.166666667
2828.mid,7,9,7,7,7,7,3,7,7,8,7,7,6.333333333,7.5
2829.mid,3,3,3,5,3,5,3,3,1,7,3,3,2.666666667,4.333333333
2830.mid,8,6,3,7,3,7,6,4,9,6,7,7,6,6.166666667
2831.mid,3,3,3,3,3,3,3,3,3,7,4,4,3.166666667,3.833333333
2832.mid,8,7,3,6,3,6,6,6,8,6,6,7,5.666666667,6.333333333
2833.mid,6,4,3,4,3,4,3,3,9,3,6,4,5,3.666666667
2834.mid,4,8,3,6,3,6,4,7,7,8,6,7,4.5,7
2835.mid,7,3,4,5,4,5,6,3,9,6,3,2,5.5,4
2836.mid,3,6,6,5,6,5,6,3,4,6,6,6,5.166666667,5.166666667
2837.mid,8,7,6,6,6,6,7,7,9,6,6,7,7,6.5
2838.mid,3,6,6,5,6,5,6,3,9,7,4,6,5.666666667,5.333333333
2839.mid,8,7,6,6,6,6,7,6,7,8,7,7,6.833333333,6.666666667
2840.mid,2,6,3,7,3,7,4,6,4,8,4,6,3.333333333,6.666666667
2841.mid,6,3,3,6,3,6,3,3,4,7,5,6,4,5.166666667
2842.mid,3,4,3,6,3,6,4,3,8,5,3,3,4,4.5
2843.mid,3,6,3,7,3,7,6,6,3,8,3,6,3.5,6.666666667
2844.mid,6,8,6,5,6,5,6,2,9,3,6,3,6.5,4.333333333
2845.mid,3,3,3,4,3,4,3,3,4,8,3,2,3.166666667,4
2846.mid,7,3,3,5,3,5,3,2,9,2,2,3,4.5,3.333333333
2847.mid,8,7,6,5,6,5,7,7,9,3,6,6,7,5.5
2848.mid,6,9,2,9,2,9,3,7,4,8,6,8,3.833333333,8.333333333
2849.mid,7,3,3,5,3,5,6,3,3,3,3,4,4.166666667,3.833333333
2850.mid,6,2,3,4,3,4,3,3,5,5,4,4,4,3.666666667
2851.mid,6,8,6,6,6,6,6,4,8,6,5,6,6.166666667,6
2852.mid,3,6,3,6,3,6,4,7,8,9,5,7,4.333333333,6.833333333
2853.mid,8,6,6,6,6,6,7,7,8,6,7,7,7,6.333333333
2854.mid,7,4,3,5,3,5,7,6,8,2,6,6,5.666666667,4.666666667
2855.mid,6,3,2,7,2,7,6,4,4,9,3,4,3.833333333,5.666666667
2856.mid,4,8,3,7,3,7,4,7,3,9,4,8,3.5,7.666666667
2857.mid,3,6,3,5,3,5,3,3,3,5,6,6,3.5,5
2858.mid,3,7,3,7,3,7,4,6,8,5,4,4,4.166666667,6
2859.mid,3,3,3,7,3,7,3,6,2,6,3,5,2.833333333,5.666666667
2860.mid,7,3,3,4,3,4,3,3,8,3,6,4,5,3.5
2861.mid,3,6,3,4,3,4,3,3,8,6,3,4,3.833333333,4.5
2862.mid,7,8,6,6,6,6,7,7,8,6,6,7,6.666666667,6.666666667
2863.mid,7,3,6,5,6,5,6,3,8,6,6,4,6.5,4.333333333
2864.mid,6,3,5,4,5,4,6,3,7,8,6,3,5.833333333,4.166666667
2865.mid,8,6,6,5,6,5,6,2,8,6,6,6,6.666666667,5
2866.mid,3,6,6,6,6,6,4,6,7,8,7,7,5.5,6.5
2867.mid,7,9,7,7,7,7,3,7,6,8,6,7,6,7.5
2868.mid,6,8,8,8,8,8,3,4,7,8,7,8,6.5,7.333333333
2869.mid,2,3,2,4,2,4,6,3,8,3,3,4,3.833333333,3.5
2870.mid,8,6,2,8,2,8,6,7,7,8,6,7,5.166666667,7.333333333
2871.mid,6,2,6,6,6,6,7,6,9,2,6,4,6.666666667,4.333333333
2872.mid,6,7,6,7,6,7,7,7,9,6,7,6,6.833333333,6.666666667
2873.mid,3,4,3,5,3,5,3,2,8,3,4,2,4,3.5
2874.mid,6,8,3,7,3,7,6,8,3,8,6,7,4.5,7.5
2875.mid,7,4,3,6,3,6,7,4,8,7,6,3,5.666666667,5
2876.mid,8,8,3,7,3,7,7,7,9,5,7,6,6.166666667,6.666666667
2877.mid,8,8,7,7,7,7,8,7,9,6,6,7,7.5,7
2878.mid,3,7,3,7,3,7,6,8,8,6,3,6,4.333333333,6.833333333
2879.mid,4,7,4,7,4,7,7,6,3,5,7,6,4.833333333,6.333333333
2880.mid,7,8,2,7,2,7,8,8,8,6,6,7,5.5,7.166666667
2881.mid,8,6,7,6,7,6,8,7,8,2,7,7,7.5,5.666666667
2882.mid,3,4,3,5,3,5,3,4,2,3,3,2,2.833333333,3.833333333
2883.mid,2,3,3,5,3,5,2,3,1,5,2,2,2.166666667,3.833333333
2884.mid,3,6,3,7,3,7,2,4,3,9,6,3,3.333333333,6
2885.mid,7,3,4,6,4,6,7,4,9,2,3,4,5.666666667,4.166666667
2886.mid,7,4,6,6,6,6,7,7,8,3,6,6,6.666666667,5.333333333
2887.mid,3,7,6,5,6,5,7,7,8,6,6,6,6,6
2888.mid,3,3,3,3,3,3,6,4,8,3,3,3,4.333333333,3.166666667
2889.mid,2,6,6,6,6,6,7,6,8,7,6,7,5.833333333,6.333333333
2890.mid,2,4,3,4,3,4,3,3,8,2,3,4,3.666666667,3.5
2891.mid,3,3,3,5,3,5,3,2,2,4,6,3,3.333333333,3.666666667
2892.mid,8,7,6,6,6,6,8,7,8,6,7,7,7.166666667,6.5
2893.mid,3,6,3,7,3,7,3,4,4,8,3,6,3.166666667,6.333333333
2894.mid,6,3,6,4,6,4,7,4,8,6,3,4,6,4.166666667
2895.mid,3,3,3,3,3,3,6,2,9,3,2,1,4.333333333,2.5
2896.mid,8,6,4,5,4,5,6,7,9,6,6,6,6.166666667,5.833333333
2897.mid,4,8,7,7,7,7,7,7,7,9,7,6,6.5,7.333333333
2898.mid,6,8,8,8,8,8,4,8,7,8,6,7,6.5,7.833333333
2899.mid,8,7,6,5,6,5,7,6,8,3,6,3,6.833333333,4.833333333
2900.mid,3,7,3,7,3,7,4,7,6,8,6,6,4.166666667,7
2901.mid,8,8,3,8,3,8,7,8,9,7,7,7,6.166666667,7.666666667
2902.mid,8,7,7,7,7,7,7,8,6,8,6,7,6.833333333,7.333333333
2903.mid,6,8,6,6,6,6,7,7,9,5,6,7,6.666666667,6.5
2904.mid,3,3,3,4,3,4,6,6,9,3,6,2,5,3.666666667
2905.mid,8,6,6,6,6,6,8,7,8,7,8,6,7.333333333,6.333333333
2906.mid,2,6,2,7,2,7,4,7,4,8,4,7,3,7
2907.mid,8,6,4,7,4,7,6,7,8,2,7,7,6.166666667,6
2908.mid,7,3,4,5,4,5,7,6,8,2,6,6,6,4.5
2909.mid,3,7,3,6,3,6,6,4,2,3,3,4,3.333333333,5
2910.mid,2,2,3,2,3,2,6,2,9,3,2,2,4.166666667,2.166666667
2911.mid,3,3,6,5,6,5,7,7,8,6,6,6,6,5.333333333
2912.mid,4,7,3,7,3,7,3,8,6,8,6,8,4.166666667,7.5
2913.mid,3,8,3,8,3,8,4,8,7,9,7,8,4.5,8.166666667
2914.mid,6,3,4,4,4,4,6,6,8,3,6,3,5.666666667,3.833333333
2915.mid,2,2,3,5,3,5,6,6,4,9,6,4,4,5.166666667
2916.mid,8,5,6,6,6,6,6,7,8,6,7,6,6.833333333,6
2917.mid,3,5,3,6,3,6,2,4,8,8,3,6,3.666666667,5.833333333
2918.mid,7,3,4,7,4,7,7,7,9,3,7,6,6.333333333,5.5
2919.mid,6,3,3,5,3,5,3,4,5,3,4,4,4,4
2920.mid,2,3,6,6,6,6,6,4,8,3,4,4,5.333333333,4.333333333
2921.mid,8,6,6,6,6,6,8,7,7,6,7,6,7,6.166666667
2922.mid,4,7,3,6,3,6,4,6,3,6,5,6,3.666666667,6.166666667
2923.mid,2,5,3,4,3,4,4,4,7,8,3,2,3.666666667,4.5
2924.mid,8,8,7,7,7,7,7,8,7,8,6,7,7,7.5
2925.mid,7,8,3,7,3,7,8,8,6,8,7,7,5.666666667,7.5
2926.mid,2,3,3,6,3,6,4,4,3,9,6,4,3.5,5.333333333
2927.mid,6,2,3,4,3,4,6,4,2,4,7,3,4.5,3.5
2928.mid,8,7,3,5,3,5,3,4,7,9,6,7,5,6.166666667
2929.mid,4,7,3,6,3,6,3,7,4,9,6,7,3.833333333,7
2930.mid,2,2,3,3,3,3,4,2,4,4,3,3,3.166666667,2.833333333
2931.mid,6,3,4,5,4,5,6,6,3,4,3,4,4.333333333,4.5
2932.mid,8,6,7,6,7,6,3,4,8,2,3,6,6,5
2933.mid,8,7,6,6,6,6,8,7,8,6,7,7,7.166666667,6.5
2934.mid,7,3,4,4,4,4,7,4,8,3,6,4,6,3.666666667
2935.mid,7,4,6,6,6,6,7,6,8,2,7,6,6.833333333,5
2936.mid,7,4,4,5,4,5,6,3,9,3,4,5,5.666666667,4.166666667
2937.mid,6,3,6,6,6,6,6,6,3,4,6,6,5.5,5.166666667
2938.mid,2,3,6,5,6,5,4,3,3,6,6,3,4.5,4.166666667
2939.mid,3,6,3,5,3,5,7,7,4,6,7,6,4.5,5.833333333
2940.mid,8,6,7,7,7,7,8,8,8,6,6,7,7.333333333,6.833333333
2941.mid,7,3,6,6,6,6,7,4,9,3,6,5,6.833333333,4.5
2942.mid,3,6,6,5,6,5,6,7,8,4,3,4,5.333333333,5.166666667
2943.mid,3,5,3,5,3,5,3,3,4,8,2,3,3,4.833333333
2944.mid,8,7,3,6,3,6,7,6,3,6,6,6,5,6.166666667
2945.mid,6,7,6,5,6,5,8,7,8,6,7,6,6.833333333,6
2946.mid,6,8,7,6,7,6,8,8,9,6,8,7,7.5,6.833333333
2947.mid,2,7,3,5,3,5,6,3,9,6,4,6,4.5,5.333333333
2948.mid,7,3,4,6,4,6,6,3,8,3,3,2,5.333333333,3.833333333
2949.mid,8,8,6,7,6,7,2,4,6,8,6,8,5.666666667,7
2950.mid,7,4,3,5,3,5,7,3,8,3,7,3,5.833333333,3.833333333
2951.mid,3,7,7,7,7,7,3,4,7,8,6,6,5.5,6.5
2952.mid,3,7,3,6,3,6,6,6,3,6,6,6,4,6.166666667
2953.mid,3,3,3,7,3,7,6,6,3,4,4,6,3.666666667,5.5
2954.mid,2,4,3,4,3,4,7,4,4,3,3,4,3.666666667,3.833333333
2955.mid,8,6,7,8,7,8,8,7,7,6,7,6,7.333333333,6.833333333
2956.mid,7,8,3,7,3,7,3,4,6,8,4,6,4.333333333,6.666666667
2957.mid,8,5,6,5,6,5,7,6,3,6,6,4,6,5.166666667
2958.mid,7,4,6,4,6,4,6,6,4,2,6,6,5.833333333,4.333333333
2959.mid,4,8,6,7,6,7,7,8,7,8,7,7,6.166666667,7.5
2960.mid,3,7,6,7,6,7,9,8,8,6,6,8,6.333333333,7.166666667
2961.mid,6,3,3,6,3,6,7,6,4,8,3,7,4.333333333,6
2962.mid,7,8,7,7,7,7,6,7,8,6,7,8,7,7.166666667
2963.mid,3,3,3,6,3,6,6,3,2,5,3,4,3.333333333,4.5
2964.mid,8,6,7,7,7,7,8,8,9,5,7,8,7.666666667,6.833333333
2965.mid,8,5,6,6,6,6,6,7,8,6,6,7,6.666666667,6.166666667
2966.mid,7,3,3,5,3,5,6,4,9,3,4,4,5.333333333,4
2967.mid,3,6,6,5,6,5,7,7,8,7,7,6,6.166666667,6
2968.mid,4,7,3,7,3,7,3,8,7,8,6,8,4.333333333,7.5
2969.mid,6,3,3,6,3,6,7,4,4,6,2,4,4.166666667,4.833333333
2970.mid,8,8,7,7,7,7,7,7,8,8,7,8,7.333333333,7.5
2971.mid,7,4,6,6,6,6,8,7,9,5,6,6,7,5.666666667
2972.mid,7,9,8,9,8,9,3,8,6,9,4,7,6,8.5
2973.mid,3,7,7,7,7,7,4,7,3,8,3,6,4.5,7
2974.mid,3,6,3,4,3,4,4,4,8,2,3,4,4,4
2975.mid,4,8,7,7,7,7,3,4,8,6,3,7,5.333333333,6.5
2976.mid,2,2,3,5,3,5,3,2,8,3,6,3,4.166666667,3.333333333
2977.mid,7,3,3,6,3,6,3,4,8,2,7,6,5.166666667,4.5
2978.mid,4,7,3,6,3,6,4,7,5,8,7,7,4.333333333,6.833333333
2979.mid,3,7,6,6,6,6,6,7,8,6,4,7,5.5,6.5
2980.mid,3,3,3,3,3,3,3,2,8,2,3,2,3.833333333,2.5
2981.mid,6,7,3,6,3,6,7,8,8,4,6,7,5.5,6.333333333
2982.mid,3,2,3,5,3,5,6,4,4,8,3,4,3.666666667,4.666666667
2983.mid,6,3,3,5,3,5,4,4,6,6,6,4,4.666666667,4.5
2984.mid,3,3,3,4,3,4,3,3,2,3,4,3,3,3.333333333
2985.mid,8,8,6,6,6,6,7,8,8,6,6,7,6.833333333,6.833333333
2986.mid,8,6,7,7,7,7,3,4,7,8,7,7,6.5,6.5
2987.mid,8,8,8,7,8,7,8,9,9,6,7,7,8,7.333333333
2988.mid,3,6,6,6,6,6,8,7,7,7,6,6,6,6.333333333
2989.mid,6,7,3,7,3,7,6,7,9,6,4,5,5.166666667,6.5
2990.mid,8,7,7,6,7,6,7,6,9,3,3,4,6.833333333,5.333333333
2991.mid,2,2,3,6,3,6,2,2,3,9,3,5,2.666666667,5
2992.mid,8,6,3,7,3,7,2,4,9,6,6,7,5.166666667,6.166666667
2993.mid,3,6,3,7,3,7,3,4,5,9,5,6,3.666666667,6.5
2994.mid,7,4,4,4,4,4,6,3,8,3,3,3,5.333333333,3.5
2995.mid,8,8,7,7,7,7,7,8,8,6,7,7,7.333333333,7.166666667
2996.mid,3,3,4,5,4,5,7,4,2,3,5,4,4.166666667,4
2997.mid,3,2,3,6,3,6,4,3,5,8,4,3,3.666666667,4.666666667
2998.mid,4,6,6,6,6,6,7,6,2,5,6,6,5.166666667,5.833333333
2999.mid,2,4,3,6,3,6,4,6,4,9,4,7,3.333333333,6.333333333
3000.mid,4,8,4,7,4,7,7,7,9,6,4,7,5.333333333,7
